proteome_id	length	proteome_size	proteome_size_unique	protein_clusters	index
MGV-GENOME-0168725	23017	31	31	TemPhD_cluster_52018_CDS_0020;uvig_315197_CDS_0035;TemPhD_cluster_51656_CDS_0040;TemPhD_cluster_28372_CDS_0021;TemPhD_cluster_51932_CDS_0036;TemPhD_cluster_28372_CDS_0009;TemPhD_cluster_63057_CDS_0001;TemPhD_cluster_37938_CDS_0036;MGV-GENOME-0230591_CDS_0008;MGV-GENOME-0168725_CDS_0023;TemPhD_cluster_52382_CDS_0007;TemPhD_cluster_63155_CDS_0002;SAMN09781779_a1_ct39878_CDS_0016;TemPhD_cluster_52209_CDS_0016;NC_049457.1_CDS_0014;TemPhD_cluster_51656_CDS_0036;TemPhD_cluster_52222_CDS_0022;TemPhD_cluster_38170_CDS_0040;MGV-GENOME-0230591_CDS_0040;NC_049457.1_CDS_0018;TemPhD_cluster_62958_CDS_0019;MGV-GENOME-0205381_CDS_0035;MGV-GENOME-0232811_CDS_0011;TemPhD_cluster_33805_CDS_0023;NC_022750.1_CDS_0017;TemPhD_cluster_52091_CDS_0005;TemPhD_cluster_52382_CDS_0008;TemPhD_cluster_38170_CDS_0007;MGV-GENOME-0227212_CDS_0019;TemPhD_cluster_52275_CDS_0017;TemPhD_cluster_37904_CDS_0014	0
MGV-GENOME-0171006	23340	31	31	TemPhD_cluster_52018_CDS_0020;uvig_315197_CDS_0035;TemPhD_cluster_51656_CDS_0040;TemPhD_cluster_28372_CDS_0021;TemPhD_cluster_28372_CDS_0009;TemPhD_cluster_63057_CDS_0001;TemPhD_cluster_37938_CDS_0036;MGV-GENOME-0227212_CDS_0019;MGV-GENOME-0230591_CDS_0008;TemPhD_cluster_52382_CDS_0007;SAMN09781779_a1_ct39878_CDS_0016;TemPhD_cluster_52209_CDS_0016;TemPhD_cluster_9963_CDS_0003;TemPhD_cluster_51656_CDS_0036;TemPhD_cluster_52222_CDS_0022;TemPhD_cluster_38170_CDS_0040;TemPhD_cluster_52155_CDS_0034;MGV-GENOME-0230591_CDS_0040;NC_049457.1_CDS_0018;TemPhD_cluster_62958_CDS_0019;MGV-GENOME-0205381_CDS_0035;MGV-GENOME-0232811_CDS_0011;TemPhD_cluster_33805_CDS_0023;NC_022750.1_CDS_0017;TemPhD_cluster_52091_CDS_0005;TemPhD_cluster_9963_CDS_0004;TemPhD_cluster_52382_CDS_0008;TemPhD_cluster_38170_CDS_0007;NC_049457.1_CDS_0014;TemPhD_cluster_52275_CDS_0017;TemPhD_cluster_37904_CDS_0014	1
MGV-GENOME-0205381	28944	37	37	TemPhD_cluster_52018_CDS_0020;uvig_315197_CDS_0035;TemPhD_cluster_51656_CDS_0040;TemPhD_cluster_28372_CDS_0021;TemPhD_cluster_51932_CDS_0036;TemPhD_cluster_28372_CDS_0009;TemPhD_cluster_63057_CDS_0001;MGV-GENOME-0205381_CDS_0003;TemPhD_cluster_37938_CDS_0036;MGV-GENOME-0227212_CDS_0019;MGV-GENOME-0230591_CDS_0008;TemPhD_cluster_52382_CDS_0007;SAMN09781779_a1_ct39878_CDS_0016;TemPhD_cluster_52209_CDS_0016;MGV-GENOME-0205381_CDS_0028;TemPhD_cluster_33807_CDS_0027;TemPhD_cluster_51656_CDS_0036;TemPhD_cluster_52222_CDS_0022;TemPhD_cluster_38170_CDS_0040;TemPhD_cluster_62972_CDS_0030;TemPhD_cluster_52155_CDS_0034;MGV-GENOME-0205381_CDS_0024;MGV-GENOME-0230591_CDS_0040;NC_049457.1_CDS_0018;TemPhD_cluster_62958_CDS_0019;MGV-GENOME-0205381_CDS_0035;MGV-GENOME-0232811_CDS_0011;TemPhD_cluster_33805_CDS_0023;NC_022750.1_CDS_0017;TemPhD_cluster_52091_CDS_0005;MGV-GENOME-0205381_CDS_0002;TemPhD_cluster_52382_CDS_0008;TemPhD_cluster_38170_CDS_0007;NC_049457.1_CDS_0014;TemPhD_cluster_63038_CDS_0027;TemPhD_cluster_52275_CDS_0017;TemPhD_cluster_37904_CDS_0014	2
TemPhD_cluster_15215	30712	37	37	TemPhD_cluster_33809_CDS_0030;TemPhD_cluster_52018_CDS_0020;uvig_315197_CDS_0035;TemPhD_cluster_51656_CDS_0040;TemPhD_cluster_28372_CDS_0021;TemPhD_cluster_28372_CDS_0009;TemPhD_cluster_63057_CDS_0001;TemPhD_cluster_37938_CDS_0036;TemPhD_cluster_63038_CDS_0027;MGV-GENOME-0230591_CDS_0008;TemPhD_cluster_9973_CDS_0030;TemPhD_cluster_52382_CDS_0007;TemPhD_cluster_62958_CDS_0025;TemPhD_cluster_63155_CDS_0002;SAMN09781779_a1_ct39878_CDS_0016;NC_049457.1_CDS_0014;TemPhD_cluster_33807_CDS_0027;TemPhD_cluster_51656_CDS_0036;TemPhD_cluster_52222_CDS_0022;TemPhD_cluster_38170_CDS_0040;TemPhD_cluster_62972_CDS_0030;TemPhD_cluster_52155_CDS_0034;MGV-GENOME-0230591_CDS_0040;NC_049457.1_CDS_0018;TemPhD_cluster_62958_CDS_0019;TemPhD_cluster_52379_CDS_0032;MGV-GENOME-0205381_CDS_0035;MGV-GENOME-0232811_CDS_0011;NC_022750.1_CDS_0017;TemPhD_cluster_52091_CDS_0005;TemPhD_cluster_52382_CDS_0008;TemPhD_cluster_38170_CDS_0007;TemPhD_cluster_52275_CDS_0031;MGV-GENOME-0227212_CDS_0019;TemPhD_cluster_15215_CDS_0021;TemPhD_cluster_52275_CDS_0017;TemPhD_cluster_37904_CDS_0014	3
TemPhD_cluster_38311	29345	37	37	TemPhD_cluster_33809_CDS_0030;TemPhD_cluster_52018_CDS_0020;uvig_315197_CDS_0035;TemPhD_cluster_51656_CDS_0040;TemPhD_cluster_28372_CDS_0021;TemPhD_cluster_28372_CDS_0009;TemPhD_cluster_63057_CDS_0001;TemPhD_cluster_37938_CDS_0036;TemPhD_cluster_38311_CDS_0020;TemPhD_cluster_63038_CDS_0027;MGV-GENOME-0230591_CDS_0008;TemPhD_cluster_9973_CDS_0030;TemPhD_cluster_52382_CDS_0007;TemPhD_cluster_63155_CDS_0002;SAMN09781779_a1_ct39878_CDS_0016;NC_049457.1_CDS_0014;TemPhD_cluster_33807_CDS_0027;TemPhD_cluster_51656_CDS_0036;TemPhD_cluster_38170_CDS_0040;TemPhD_cluster_62972_CDS_0030;TemPhD_cluster_52155_CDS_0034;MGV-GENOME-0230591_CDS_0040;NC_049457.1_CDS_0018;TemPhD_cluster_62958_CDS_0019;TemPhD_cluster_52379_CDS_0032;TemPhD_cluster_52155_CDS_0033;MGV-GENOME-0205381_CDS_0035;MGV-GENOME-0232811_CDS_0011;NC_022750.1_CDS_0017;TemPhD_cluster_52091_CDS_0005;TemPhD_cluster_52382_CDS_0008;TemPhD_cluster_38170_CDS_0007;TemPhD_cluster_52275_CDS_0031;MGV-GENOME-0227212_CDS_0019;TemPhD_cluster_15215_CDS_0021;TemPhD_cluster_52275_CDS_0017;TemPhD_cluster_37904_CDS_0014	4
MGV-GENOME-0227212	32784	38	38	TemPhD_cluster_33809_CDS_0030;TemPhD_cluster_52018_CDS_0020;uvig_315197_CDS_0035;TemPhD_cluster_51656_CDS_0040;TemPhD_cluster_28372_CDS_0021;TemPhD_cluster_28372_CDS_0009;TemPhD_cluster_63057_CDS_0001;TemPhD_cluster_37938_CDS_0036;MGV-GENOME-0230591_CDS_0008;TemPhD_cluster_9973_CDS_0030;TemPhD_cluster_52382_CDS_0007;SAMN09781779_a1_ct39878_CDS_0016;TemPhD_cluster_52209_CDS_0016;NC_049457.1_CDS_0014;TemPhD_cluster_33807_CDS_0027;TemPhD_cluster_51656_CDS_0036;TemPhD_cluster_52222_CDS_0022;TemPhD_cluster_38170_CDS_0040;TemPhD_cluster_62972_CDS_0030;TemPhD_cluster_52155_CDS_0034;MGV-GENOME-0205381_CDS_0024;MGV-GENOME-0230591_CDS_0040;NC_049457.1_CDS_0018;TemPhD_cluster_62958_CDS_0019;TemPhD_cluster_52379_CDS_0032;MGV-GENOME-0205381_CDS_0035;MGV-GENOME-0232811_CDS_0011;TemPhD_cluster_33805_CDS_0023;NC_022750.1_CDS_0017;TemPhD_cluster_52091_CDS_0005;TemPhD_cluster_52382_CDS_0008;TemPhD_cluster_38170_CDS_0007;MGV-GENOME-0227212_CDS_0023;TemPhD_cluster_52275_CDS_0031;MGV-GENOME-0227212_CDS_0019;TemPhD_cluster_63038_CDS_0027;TemPhD_cluster_52275_CDS_0017;TemPhD_cluster_37904_CDS_0014	5
TemPhD_cluster_28453	30297	39	39	TemPhD_cluster_33809_CDS_0030;TemPhD_cluster_52018_CDS_0020;uvig_315197_CDS_0035;TemPhD_cluster_51656_CDS_0040;TemPhD_cluster_28372_CDS_0021;TemPhD_cluster_28372_CDS_0009;TemPhD_cluster_63057_CDS_0001;TemPhD_cluster_28453_CDS_0003;TemPhD_cluster_37938_CDS_0036;MGV-GENOME-0227212_CDS_0019;MGV-GENOME-0230591_CDS_0008;TemPhD_cluster_9973_CDS_0030;TemPhD_cluster_52382_CDS_0007;SAMN09781779_a1_ct39878_CDS_0016;TemPhD_cluster_52209_CDS_0016;TemPhD_cluster_33807_CDS_0027;TemPhD_cluster_51656_CDS_0036;TemPhD_cluster_52222_CDS_0022;TemPhD_cluster_38170_CDS_0040;TemPhD_cluster_62972_CDS_0030;TemPhD_cluster_52155_CDS_0034;MGV-GENOME-0230591_CDS_0040;NC_049457.1_CDS_0018;TemPhD_cluster_62958_CDS_0019;TemPhD_cluster_52379_CDS_0032;TemPhD_cluster_28453_CDS_0002;MGV-GENOME-0232811_CDS_0011;TemPhD_cluster_33805_CDS_0023;MGV-GENOME-0205381_CDS_0035;NC_022750.1_CDS_0017;TemPhD_cluster_52091_CDS_0005;TemPhD_cluster_52382_CDS_0008;TemPhD_cluster_38170_CDS_0007;TemPhD_cluster_52275_CDS_0031;NC_049457.1_CDS_0014;TemPhD_cluster_63038_CDS_0027;TemPhD_cluster_52275_CDS_0017;NC_049457.1_CDS_0029;TemPhD_cluster_37904_CDS_0014	6
NC_055846.1	31096	39	39	TemPhD_cluster_33809_CDS_0030;TemPhD_cluster_52018_CDS_0020;uvig_315197_CDS_0035;TemPhD_cluster_51656_CDS_0040;TemPhD_cluster_28372_CDS_0021;TemPhD_cluster_28372_CDS_0009;TemPhD_cluster_63057_CDS_0001;TemPhD_cluster_33809_CDS_0004;TemPhD_cluster_37938_CDS_0036;MGV-GENOME-0227212_CDS_0019;TemPhD_cluster_63038_CDS_0027;MGV-GENOME-0230591_CDS_0008;TemPhD_cluster_9973_CDS_0030;TemPhD_cluster_52382_CDS_0007;SAMN09781779_a1_ct39878_CDS_0016;TemPhD_cluster_52209_CDS_0016;TemPhD_cluster_33807_CDS_0027;TemPhD_cluster_51656_CDS_0036;TemPhD_cluster_52222_CDS_0022;TemPhD_cluster_38170_CDS_0040;TemPhD_cluster_62972_CDS_0030;TemPhD_cluster_52155_CDS_0034;MGV-GENOME-0230591_CDS_0040;NC_049457.1_CDS_0018;TemPhD_cluster_62958_CDS_0019;TemPhD_cluster_52379_CDS_0032;MGV-GENOME-0205381_CDS_0035;MGV-GENOME-0232811_CDS_0011;TemPhD_cluster_33805_CDS_0023;NC_022750.1_CDS_0017;TemPhD_cluster_52091_CDS_0005;TemPhD_cluster_52382_CDS_0008;TemPhD_cluster_38170_CDS_0007;NC_055844.1_CDS_0024;TemPhD_cluster_52275_CDS_0031;NC_049457.1_CDS_0014;TemPhD_cluster_37825_CDS_0002;TemPhD_cluster_52275_CDS_0017;TemPhD_cluster_37904_CDS_0014	7
NC_004745.1	30728	39	39	TemPhD_cluster_33809_CDS_0030;TemPhD_cluster_52018_CDS_0020;uvig_315197_CDS_0035;TemPhD_cluster_51656_CDS_0040;TemPhD_cluster_28372_CDS_0021;TemPhD_cluster_28372_CDS_0009;TemPhD_cluster_63057_CDS_0001;TemPhD_cluster_37938_CDS_0036;MGV-GENOME-0227212_CDS_0019;TemPhD_cluster_63038_CDS_0027;MGV-GENOME-0230591_CDS_0008;TemPhD_cluster_9973_CDS_0030;TemPhD_cluster_37904_CDS_0005;TemPhD_cluster_52382_CDS_0007;NC_004745.1_CDS_0024;SAMN09781779_a1_ct39878_CDS_0016;TemPhD_cluster_52209_CDS_0016;TemPhD_cluster_33807_CDS_0027;TemPhD_cluster_51656_CDS_0036;TemPhD_cluster_52222_CDS_0022;TemPhD_cluster_38170_CDS_0040;TemPhD_cluster_62972_CDS_0030;TemPhD_cluster_52155_CDS_0034;MGV-GENOME-0230591_CDS_0040;NC_049457.1_CDS_0018;TemPhD_cluster_62958_CDS_0019;TemPhD_cluster_52379_CDS_0032;MGV-GENOME-0205381_CDS_0035;MGV-GENOME-0232811_CDS_0011;TemPhD_cluster_33805_CDS_0023;NC_022750.1_CDS_0017;TemPhD_cluster_52091_CDS_0005;TemPhD_cluster_52382_CDS_0008;TemPhD_cluster_38170_CDS_0007;TemPhD_cluster_52275_CDS_0031;NC_049457.1_CDS_0014;TemPhD_cluster_37825_CDS_0002;TemPhD_cluster_52275_CDS_0017;TemPhD_cluster_37904_CDS_0014	8
TemPhD_cluster_52275	31114	39	39	TemPhD_cluster_33809_CDS_0030;TemPhD_cluster_52018_CDS_0020;uvig_315197_CDS_0035;TemPhD_cluster_51656_CDS_0040;TemPhD_cluster_28372_CDS_0021;TemPhD_cluster_52275_CDS_0004;TemPhD_cluster_28372_CDS_0009;TemPhD_cluster_63057_CDS_0001;TemPhD_cluster_37938_CDS_0036;MGV-GENOME-0227212_CDS_0019;MGV-GENOME-0230591_CDS_0008;TemPhD_cluster_9973_CDS_0030;TemPhD_cluster_52275_CDS_0002;TemPhD_cluster_52382_CDS_0007;SAMN09781779_a1_ct39878_CDS_0016;TemPhD_cluster_52209_CDS_0016;TemPhD_cluster_33807_CDS_0027;TemPhD_cluster_51656_CDS_0036;TemPhD_cluster_52222_CDS_0022;TemPhD_cluster_38170_CDS_0040;TemPhD_cluster_62972_CDS_0030;TemPhD_cluster_52155_CDS_0034;MGV-GENOME-0230591_CDS_0040;NC_049457.1_CDS_0018;TemPhD_cluster_62958_CDS_0019;TemPhD_cluster_52379_CDS_0032;MGV-GENOME-0205381_CDS_0035;MGV-GENOME-0232811_CDS_0011;TemPhD_cluster_33805_CDS_0023;TemPhD_cluster_52275_CDS_0003;NC_022750.1_CDS_0017;TemPhD_cluster_52275_CDS_0024;TemPhD_cluster_52382_CDS_0008;TemPhD_cluster_38170_CDS_0007;TemPhD_cluster_52275_CDS_0031;NC_049457.1_CDS_0014;TemPhD_cluster_63038_CDS_0027;TemPhD_cluster_52275_CDS_0017;TemPhD_cluster_37904_CDS_0014	9
TemPhD_cluster_52349	30839	39	39	TemPhD_cluster_33809_CDS_0030;TemPhD_cluster_52018_CDS_0020;uvig_315197_CDS_0035;TemPhD_cluster_51656_CDS_0040;TemPhD_cluster_28372_CDS_0021;TemPhD_cluster_63155_CDS_0031;TemPhD_cluster_28372_CDS_0009;TemPhD_cluster_63057_CDS_0001;TemPhD_cluster_37938_CDS_0036;MGV-GENOME-0230591_CDS_0008;TemPhD_cluster_9973_CDS_0030;TemPhD_cluster_52382_CDS_0007;TemPhD_cluster_63155_CDS_0002;SAMN09781779_a1_ct39878_CDS_0016;TemPhD_cluster_52209_CDS_0016;NC_049457.1_CDS_0014;TemPhD_cluster_33807_CDS_0027;TemPhD_cluster_51656_CDS_0036;TemPhD_cluster_52222_CDS_0022;TemPhD_cluster_38170_CDS_0040;TemPhD_cluster_62972_CDS_0030;TemPhD_cluster_52155_CDS_0034;MGV-GENOME-0230591_CDS_0040;NC_049457.1_CDS_0018;TemPhD_cluster_62958_CDS_0019;TemPhD_cluster_52379_CDS_0032;MGV-GENOME-0205381_CDS_0035;MGV-GENOME-0232811_CDS_0011;TemPhD_cluster_33805_CDS_0023;NC_022750.1_CDS_0017;TemPhD_cluster_52091_CDS_0005;TemPhD_cluster_52275_CDS_0024;TemPhD_cluster_52382_CDS_0008;TemPhD_cluster_38170_CDS_0007;TemPhD_cluster_52275_CDS_0031;MGV-GENOME-0227212_CDS_0019;TemPhD_cluster_63038_CDS_0027;TemPhD_cluster_52275_CDS_0017;TemPhD_cluster_37904_CDS_0014	10
TemPhD_cluster_33809	31021	39	39	TemPhD_cluster_33809_CDS_0030;TemPhD_cluster_52018_CDS_0020;uvig_315197_CDS_0035;TemPhD_cluster_51656_CDS_0040;TemPhD_cluster_28372_CDS_0021;TemPhD_cluster_33809_CDS_0037;MGV-GENOME-0230157_CDS_0003;TemPhD_cluster_28372_CDS_0009;TemPhD_cluster_63057_CDS_0001;TemPhD_cluster_33809_CDS_0004;TemPhD_cluster_15215_CDS_0021;TemPhD_cluster_37938_CDS_0036;MGV-GENOME-0227212_CDS_0019;TemPhD_cluster_63038_CDS_0027;MGV-GENOME-0230591_CDS_0008;TemPhD_cluster_9973_CDS_0030;TemPhD_cluster_52382_CDS_0007;SAMN09781779_a1_ct39878_CDS_0016;TemPhD_cluster_52209_CDS_0016;TemPhD_cluster_33807_CDS_0027;TemPhD_cluster_51656_CDS_0036;TemPhD_cluster_52222_CDS_0022;TemPhD_cluster_38170_CDS_0040;TemPhD_cluster_62972_CDS_0030;TemPhD_cluster_52155_CDS_0034;NC_049457.1_CDS_0018;TemPhD_cluster_62958_CDS_0019;TemPhD_cluster_52379_CDS_0032;MGV-GENOME-0232811_CDS_0011;NC_022750.1_CDS_0017;TemPhD_cluster_52091_CDS_0005;TemPhD_cluster_52382_CDS_0008;TemPhD_cluster_38170_CDS_0007;NC_055844.1_CDS_0024;TemPhD_cluster_52275_CDS_0031;NC_049457.1_CDS_0014;TemPhD_cluster_37825_CDS_0002;TemPhD_cluster_52275_CDS_0017;TemPhD_cluster_37904_CDS_0014	11
MGV-GENOME-0216186	27878	39	39	TemPhD_cluster_52018_CDS_0020;uvig_315197_CDS_0035;TemPhD_cluster_51656_CDS_0040;TemPhD_cluster_28372_CDS_0021;TemPhD_cluster_37844_CDS_0025;TemPhD_cluster_28372_CDS_0009;TemPhD_cluster_63057_CDS_0001;TemPhD_cluster_37938_CDS_0036;MGV-GENOME-0227212_CDS_0019;MGV-GENOME-0230591_CDS_0008;TemPhD_cluster_52382_CDS_0007;MGV-GENOME-0216186_CDS_0002;MGV-GENOME-0216186_CDS_0007;SAMN09781779_a1_ct39878_CDS_0016;TemPhD_cluster_52209_CDS_0016;TemPhD_cluster_33807_CDS_0027;TemPhD_cluster_28392_CDS_0005;TemPhD_cluster_51656_CDS_0036;MGV-GENOME-0216186_CDS_0006;TemPhD_cluster_52222_CDS_0022;TemPhD_cluster_62972_CDS_0030;TemPhD_cluster_38170_CDS_0040;TemPhD_cluster_52155_CDS_0034;MGV-GENOME-0230591_CDS_0040;NC_049457.1_CDS_0018;TemPhD_cluster_62958_CDS_0019;MGV-GENOME-0205381_CDS_0035;MGV-GENOME-0232811_CDS_0011;TemPhD_cluster_33805_CDS_0023;MGV-GENOME-0216186_CDS_0005;NC_022750.1_CDS_0017;TemPhD_cluster_52091_CDS_0005;TemPhD_cluster_52382_CDS_0008;TemPhD_cluster_38170_CDS_0007;MGV-GENOME-0216186_CDS_0004;NC_049457.1_CDS_0014;TemPhD_cluster_63038_CDS_0027;TemPhD_cluster_52275_CDS_0017;TemPhD_cluster_37904_CDS_0014	12
TemPhD_cluster_52382	30677	39	39	TemPhD_cluster_33809_CDS_0030;TemPhD_cluster_52018_CDS_0020;uvig_315197_CDS_0035;TemPhD_cluster_51656_CDS_0040;TemPhD_cluster_28372_CDS_0021;TemPhD_cluster_28372_CDS_0009;TemPhD_cluster_63057_CDS_0001;TemPhD_cluster_37938_CDS_0036;MGV-GENOME-0227212_CDS_0019;MGV-GENOME-0230591_CDS_0008;TemPhD_cluster_9973_CDS_0030;TemPhD_cluster_52382_CDS_0007;SAMN09781779_a1_ct39878_CDS_0016;TemPhD_cluster_52209_CDS_0016;TemPhD_cluster_52382_CDS_0022;TemPhD_cluster_33807_CDS_0027;TemPhD_cluster_51656_CDS_0036;TemPhD_cluster_38170_CDS_0040;TemPhD_cluster_62972_CDS_0030;TemPhD_cluster_52155_CDS_0034;MGV-GENOME-0205381_CDS_0024;MGV-GENOME-0230591_CDS_0040;NC_049457.1_CDS_0018;TemPhD_cluster_62958_CDS_0019;TemPhD_cluster_52379_CDS_0032;MGV-GENOME-0205381_CDS_0035;MGV-GENOME-0232811_CDS_0011;TemPhD_cluster_33805_CDS_0023;NC_022750.1_CDS_0017;TemPhD_cluster_52091_CDS_0005;TemPhD_cluster_52382_CDS_0008;TemPhD_cluster_38170_CDS_0007;TemPhD_cluster_52382_CDS_0002;TemPhD_cluster_52275_CDS_0031;NC_049457.1_CDS_0014;TemPhD_cluster_63038_CDS_0027;TemPhD_cluster_33805_CDS_0024;TemPhD_cluster_52275_CDS_0017;TemPhD_cluster_37904_CDS_0014	13
TemPhD_cluster_33805	31070	40	40	TemPhD_cluster_33809_CDS_0030;TemPhD_cluster_52018_CDS_0020;uvig_315197_CDS_0035;TemPhD_cluster_51656_CDS_0040;TemPhD_cluster_28372_CDS_0021;TemPhD_cluster_51932_CDS_0036;TemPhD_cluster_28372_CDS_0009;TemPhD_cluster_63057_CDS_0001;TemPhD_cluster_37938_CDS_0036;MGV-GENOME-0227212_CDS_0019;MGV-GENOME-0230591_CDS_0008;TemPhD_cluster_9973_CDS_0030;TemPhD_cluster_52382_CDS_0007;TemPhD_cluster_52112_CDS_0003;SAMN09781779_a1_ct39878_CDS_0016;TemPhD_cluster_52209_CDS_0016;TemPhD_cluster_33807_CDS_0027;TemPhD_cluster_51656_CDS_0036;TemPhD_cluster_52222_CDS_0022;TemPhD_cluster_38170_CDS_0040;TemPhD_cluster_62972_CDS_0030;TemPhD_cluster_52155_CDS_0034;MGV-GENOME-0230591_CDS_0040;NC_049457.1_CDS_0018;TemPhD_cluster_62958_CDS_0019;TemPhD_cluster_52379_CDS_0032;TemPhD_cluster_52112_CDS_0002;MGV-GENOME-0232811_CDS_0011;TemPhD_cluster_33805_CDS_0023;MGV-GENOME-0205381_CDS_0035;NC_022750.1_CDS_0017;TemPhD_cluster_52091_CDS_0005;TemPhD_cluster_52382_CDS_0008;TemPhD_cluster_38170_CDS_0007;TemPhD_cluster_52275_CDS_0031;NC_049457.1_CDS_0014;TemPhD_cluster_63038_CDS_0027;TemPhD_cluster_33805_CDS_0024;TemPhD_cluster_52275_CDS_0017;TemPhD_cluster_37904_CDS_0014	14
TemPhD_cluster_63038	32347	40	40	TemPhD_cluster_33809_CDS_0030;TemPhD_cluster_52018_CDS_0020;uvig_315197_CDS_0035;TemPhD_cluster_51656_CDS_0040;TemPhD_cluster_28372_CDS_0021;TemPhD_cluster_28372_CDS_0009;TemPhD_cluster_63057_CDS_0001;TemPhD_cluster_37938_CDS_0036;MGV-GENOME-0227212_CDS_0019;MGV-GENOME-0230591_CDS_0008;TemPhD_cluster_9973_CDS_0030;TemPhD_cluster_63038_CDS_0032;TemPhD_cluster_52382_CDS_0007;TemPhD_cluster_52112_CDS_0003;SAMN09781779_a1_ct39878_CDS_0016;TemPhD_cluster_52209_CDS_0016;TemPhD_cluster_33807_CDS_0027;TemPhD_cluster_51656_CDS_0036;TemPhD_cluster_52222_CDS_0022;TemPhD_cluster_38170_CDS_0040;TemPhD_cluster_62972_CDS_0030;TemPhD_cluster_52155_CDS_0034;MGV-GENOME-0230591_CDS_0040;NC_049457.1_CDS_0018;TemPhD_cluster_62958_CDS_0019;TemPhD_cluster_52379_CDS_0032;TemPhD_cluster_52112_CDS_0002;MGV-GENOME-0232811_CDS_0011;TemPhD_cluster_33805_CDS_0023;MGV-GENOME-0205381_CDS_0035;NC_022750.1_CDS_0017;TemPhD_cluster_63038_CDS_0024;TemPhD_cluster_52091_CDS_0005;TemPhD_cluster_52382_CDS_0008;TemPhD_cluster_38170_CDS_0007;TemPhD_cluster_52275_CDS_0031;NC_049457.1_CDS_0014;TemPhD_cluster_63038_CDS_0027;TemPhD_cluster_52275_CDS_0017;TemPhD_cluster_37904_CDS_0014	15
MGV-GENOME-4406672	32480	40	40	TemPhD_cluster_33809_CDS_0030;TemPhD_cluster_52018_CDS_0020;uvig_315197_CDS_0035;TemPhD_cluster_51656_CDS_0040;TemPhD_cluster_28372_CDS_0021;TemPhD_cluster_51932_CDS_0036;TemPhD_cluster_28372_CDS_0009;TemPhD_cluster_63057_CDS_0001;TemPhD_cluster_37938_CDS_0036;MGV-GENOME-0227212_CDS_0019;MGV-GENOME-0230591_CDS_0008;TemPhD_cluster_9973_CDS_0030;TemPhD_cluster_52382_CDS_0007;TemPhD_cluster_63057_CDS_0002;SAMN09781779_a1_ct39878_CDS_0016;TemPhD_cluster_52209_CDS_0016;TemPhD_cluster_33807_CDS_0027;TemPhD_cluster_51656_CDS_0036;TemPhD_cluster_52222_CDS_0022;TemPhD_cluster_38170_CDS_0040;TemPhD_cluster_62972_CDS_0030;TemPhD_cluster_52155_CDS_0034;MGV-GENOME-0230591_CDS_0040;NC_049457.1_CDS_0018;TemPhD_cluster_62958_CDS_0019;TemPhD_cluster_52379_CDS_0032;MGV-GENOME-0205381_CDS_0035;MGV-GENOME-0232811_CDS_0011;TemPhD_cluster_33805_CDS_0023;TemPhD_cluster_51932_CDS_0003;NC_022750.1_CDS_0017;TemPhD_cluster_52091_CDS_0005;TemPhD_cluster_52382_CDS_0008;TemPhD_cluster_38170_CDS_0007;TemPhD_cluster_52275_CDS_0031;NC_049457.1_CDS_0014;TemPhD_cluster_63038_CDS_0027;TemPhD_cluster_33805_CDS_0024;TemPhD_cluster_52275_CDS_0017;TemPhD_cluster_37904_CDS_0014	16
TemPhD_cluster_9963	31137	40	40	TemPhD_cluster_33809_CDS_0030;TemPhD_cluster_52018_CDS_0020;uvig_315197_CDS_0035;TemPhD_cluster_51656_CDS_0040;TemPhD_cluster_28372_CDS_0021;TemPhD_cluster_28372_CDS_0009;TemPhD_cluster_63057_CDS_0001;TemPhD_cluster_37938_CDS_0036;TemPhD_cluster_9963_CDS_0025;MGV-GENOME-0227212_CDS_0019;TemPhD_cluster_63038_CDS_0027;MGV-GENOME-0230591_CDS_0008;TemPhD_cluster_9973_CDS_0030;TemPhD_cluster_52382_CDS_0007;SAMN09781779_a1_ct39878_CDS_0016;TemPhD_cluster_52209_CDS_0016;TemPhD_cluster_9963_CDS_0003;TemPhD_cluster_33807_CDS_0027;TemPhD_cluster_51656_CDS_0036;TemPhD_cluster_52222_CDS_0022;TemPhD_cluster_38170_CDS_0040;TemPhD_cluster_62972_CDS_0030;TemPhD_cluster_52155_CDS_0034;MGV-GENOME-0230591_CDS_0040;NC_049457.1_CDS_0018;TemPhD_cluster_62958_CDS_0019;TemPhD_cluster_52379_CDS_0032;MGV-GENOME-0205381_CDS_0035;MGV-GENOME-0232811_CDS_0011;TemPhD_cluster_33805_CDS_0023;NC_022750.1_CDS_0017;TemPhD_cluster_52091_CDS_0005;TemPhD_cluster_9963_CDS_0004;TemPhD_cluster_52382_CDS_0008;TemPhD_cluster_38170_CDS_0007;TemPhD_cluster_52275_CDS_0031;NC_049457.1_CDS_0014;TemPhD_cluster_37825_CDS_0002;TemPhD_cluster_52275_CDS_0017;TemPhD_cluster_37904_CDS_0014	17
TemPhD_cluster_63155	31842	40	40	TemPhD_cluster_33809_CDS_0030;TemPhD_cluster_52018_CDS_0020;uvig_315197_CDS_0035;TemPhD_cluster_51656_CDS_0040;TemPhD_cluster_28372_CDS_0021;TemPhD_cluster_51932_CDS_0036;TemPhD_cluster_63155_CDS_0031;TemPhD_cluster_28372_CDS_0009;TemPhD_cluster_63057_CDS_0001;TemPhD_cluster_37938_CDS_0036;MGV-GENOME-0230591_CDS_0008;TemPhD_cluster_9973_CDS_0030;TemPhD_cluster_23866_CDS_0023;TemPhD_cluster_52382_CDS_0007;TemPhD_cluster_63155_CDS_0002;SAMN09781779_a1_ct39878_CDS_0016;TemPhD_cluster_52209_CDS_0016;NC_049457.1_CDS_0014;TemPhD_cluster_33807_CDS_0027;TemPhD_cluster_51656_CDS_0036;TemPhD_cluster_63155_CDS_0026;TemPhD_cluster_52222_CDS_0022;TemPhD_cluster_38170_CDS_0040;TemPhD_cluster_62972_CDS_0030;TemPhD_cluster_52155_CDS_0034;MGV-GENOME-0230591_CDS_0040;NC_049457.1_CDS_0018;TemPhD_cluster_62958_CDS_0019;TemPhD_cluster_52379_CDS_0032;MGV-GENOME-0205381_CDS_0035;MGV-GENOME-0232811_CDS_0011;NC_022750.1_CDS_0017;TemPhD_cluster_52091_CDS_0005;TemPhD_cluster_52382_CDS_0008;TemPhD_cluster_38170_CDS_0007;TemPhD_cluster_52275_CDS_0031;MGV-GENOME-0227212_CDS_0019;TemPhD_cluster_15215_CDS_0021;TemPhD_cluster_52275_CDS_0017;TemPhD_cluster_37904_CDS_0014	18
TemPhD_cluster_9973	29832	40	40	TemPhD_cluster_33809_CDS_0030;TemPhD_cluster_52018_CDS_0020;uvig_315197_CDS_0035;TemPhD_cluster_51656_CDS_0040;TemPhD_cluster_9973_CDS_0004;TemPhD_cluster_28372_CDS_0021;MGV-GENOME-0230157_CDS_0003;TemPhD_cluster_28372_CDS_0009;TemPhD_cluster_63057_CDS_0001;TemPhD_cluster_15215_CDS_0021;TemPhD_cluster_37938_CDS_0036;TemPhD_cluster_38311_CDS_0020;MGV-GENOME-0227212_CDS_0019;TemPhD_cluster_63038_CDS_0027;MGV-GENOME-0230591_CDS_0008;TemPhD_cluster_9973_CDS_0030;TemPhD_cluster_52382_CDS_0007;SAMN09781779_a1_ct39878_CDS_0016;TemPhD_cluster_52209_CDS_0016;TemPhD_cluster_33807_CDS_0027;TemPhD_cluster_51656_CDS_0036;TemPhD_cluster_38170_CDS_0040;TemPhD_cluster_62972_CDS_0030;TemPhD_cluster_52155_CDS_0034;MGV-GENOME-0230591_CDS_0040;NC_049457.1_CDS_0018;TemPhD_cluster_62958_CDS_0019;TemPhD_cluster_52379_CDS_0032;TemPhD_cluster_52155_CDS_0033;MGV-GENOME-0205381_CDS_0035;MGV-GENOME-0232811_CDS_0011;NC_022750.1_CDS_0017;TemPhD_cluster_52091_CDS_0005;TemPhD_cluster_52382_CDS_0008;TemPhD_cluster_38170_CDS_0007;TemPhD_cluster_52275_CDS_0031;NC_049457.1_CDS_0014;TemPhD_cluster_37825_CDS_0002;TemPhD_cluster_52275_CDS_0017;TemPhD_cluster_37904_CDS_0014	19
TemPhD_cluster_52222	31329	40	40	TemPhD_cluster_33809_CDS_0030;TemPhD_cluster_52018_CDS_0020;uvig_315197_CDS_0035;TemPhD_cluster_51656_CDS_0040;TemPhD_cluster_28372_CDS_0021;TemPhD_cluster_52222_CDS_0003;TemPhD_cluster_51932_CDS_0036;TemPhD_cluster_28372_CDS_0009;TemPhD_cluster_63057_CDS_0001;TemPhD_cluster_52222_CDS_0024;TemPhD_cluster_37938_CDS_0036;TemPhD_cluster_52222_CDS_0002;MGV-GENOME-0227212_CDS_0019;MGV-GENOME-0230591_CDS_0008;TemPhD_cluster_9973_CDS_0030;TemPhD_cluster_52382_CDS_0007;SAMN09781779_a1_ct39878_CDS_0016;TemPhD_cluster_52209_CDS_0016;TemPhD_cluster_33807_CDS_0027;TemPhD_cluster_51656_CDS_0036;TemPhD_cluster_52222_CDS_0022;TemPhD_cluster_38170_CDS_0040;TemPhD_cluster_62972_CDS_0030;TemPhD_cluster_52155_CDS_0034;MGV-GENOME-0230591_CDS_0040;NC_049457.1_CDS_0018;TemPhD_cluster_62958_CDS_0019;TemPhD_cluster_52379_CDS_0032;MGV-GENOME-0205381_CDS_0035;MGV-GENOME-0232811_CDS_0011;TemPhD_cluster_33805_CDS_0023;NC_022750.1_CDS_0017;TemPhD_cluster_52091_CDS_0005;TemPhD_cluster_52382_CDS_0008;TemPhD_cluster_38170_CDS_0007;TemPhD_cluster_52275_CDS_0031;NC_049457.1_CDS_0014;TemPhD_cluster_63038_CDS_0027;TemPhD_cluster_52275_CDS_0017;TemPhD_cluster_37904_CDS_0014	20
TemPhD_cluster_23882	31444	40	40	TemPhD_cluster_33809_CDS_0030;TemPhD_cluster_52018_CDS_0020;uvig_315197_CDS_0035;TemPhD_cluster_51656_CDS_0040;TemPhD_cluster_52262_CDS_0004;TemPhD_cluster_28372_CDS_0021;TemPhD_cluster_28372_CDS_0009;TemPhD_cluster_63057_CDS_0001;TemPhD_cluster_37938_CDS_0036;MGV-GENOME-0227212_CDS_0019;MGV-GENOME-0230591_CDS_0008;TemPhD_cluster_9973_CDS_0030;TemPhD_cluster_52382_CDS_0007;TemPhD_cluster_63057_CDS_0002;SAMN09781779_a1_ct39878_CDS_0016;TemPhD_cluster_52209_CDS_0016;TemPhD_cluster_62821_CDS_0004;TemPhD_cluster_33807_CDS_0027;TemPhD_cluster_51656_CDS_0036;TemPhD_cluster_52222_CDS_0022;TemPhD_cluster_38170_CDS_0040;TemPhD_cluster_62972_CDS_0030;TemPhD_cluster_52155_CDS_0034;MGV-GENOME-0230591_CDS_0040;NC_049457.1_CDS_0018;TemPhD_cluster_62958_CDS_0019;TemPhD_cluster_52379_CDS_0032;MGV-GENOME-0205381_CDS_0035;MGV-GENOME-0232811_CDS_0011;TemPhD_cluster_33805_CDS_0023;NC_022750.1_CDS_0017;TemPhD_cluster_52091_CDS_0005;TemPhD_cluster_52382_CDS_0008;TemPhD_cluster_38170_CDS_0007;TemPhD_cluster_52275_CDS_0031;NC_049457.1_CDS_0014;TemPhD_cluster_63038_CDS_0027;TemPhD_cluster_33805_CDS_0024;TemPhD_cluster_52275_CDS_0017;TemPhD_cluster_37904_CDS_0014	21
TemPhD_cluster_62958	32659	40	40	TemPhD_cluster_33809_CDS_0030;TemPhD_cluster_33725_CDS_0003;TemPhD_cluster_52018_CDS_0020;uvig_315197_CDS_0035;TemPhD_cluster_51656_CDS_0040;TemPhD_cluster_28372_CDS_0021;TemPhD_cluster_28372_CDS_0009;TemPhD_cluster_63057_CDS_0001;TemPhD_cluster_37938_CDS_0036;MGV-GENOME-0227212_CDS_0019;TemPhD_cluster_63038_CDS_0027;MGV-GENOME-0230591_CDS_0008;TemPhD_cluster_9973_CDS_0030;TemPhD_cluster_37904_CDS_0005;MGV-GENOME-0230157_CDS_0004;TemPhD_cluster_52382_CDS_0007;TemPhD_cluster_62958_CDS_0025;SAMN09781779_a1_ct39878_CDS_0016;TemPhD_cluster_52209_CDS_0016;TemPhD_cluster_33807_CDS_0027;TemPhD_cluster_51656_CDS_0036;TemPhD_cluster_52222_CDS_0022;TemPhD_cluster_38170_CDS_0040;TemPhD_cluster_62972_CDS_0030;TemPhD_cluster_52155_CDS_0034;MGV-GENOME-0230591_CDS_0040;NC_049457.1_CDS_0018;TemPhD_cluster_62958_CDS_0019;TemPhD_cluster_52379_CDS_0032;MGV-GENOME-0205381_CDS_0035;MGV-GENOME-0232811_CDS_0011;NC_022750.1_CDS_0017;TemPhD_cluster_52091_CDS_0005;TemPhD_cluster_52382_CDS_0008;TemPhD_cluster_38170_CDS_0007;TemPhD_cluster_52275_CDS_0031;NC_049457.1_CDS_0014;TemPhD_cluster_15215_CDS_0021;TemPhD_cluster_52275_CDS_0017;TemPhD_cluster_37904_CDS_0014	22
TemPhD_cluster_33725	31968	40	40	TemPhD_cluster_33809_CDS_0030;TemPhD_cluster_33725_CDS_0003;TemPhD_cluster_52018_CDS_0020;uvig_315197_CDS_0035;TemPhD_cluster_51656_CDS_0040;TemPhD_cluster_28372_CDS_0021;TemPhD_cluster_28372_CDS_0009;TemPhD_cluster_63057_CDS_0001;TemPhD_cluster_37938_CDS_0036;MGV-GENOME-0227212_CDS_0019;MGV-GENOME-0230591_CDS_0008;TemPhD_cluster_9973_CDS_0030;TemPhD_cluster_37904_CDS_0005;MGV-GENOME-0230157_CDS_0004;TemPhD_cluster_52382_CDS_0007;TemPhD_cluster_62953_CDS_0027;SAMN09781779_a1_ct39878_CDS_0016;TemPhD_cluster_52209_CDS_0016;TemPhD_cluster_33807_CDS_0027;TemPhD_cluster_51656_CDS_0036;TemPhD_cluster_52222_CDS_0022;TemPhD_cluster_38170_CDS_0040;TemPhD_cluster_62972_CDS_0030;TemPhD_cluster_52155_CDS_0034;MGV-GENOME-0230591_CDS_0040;NC_049457.1_CDS_0018;TemPhD_cluster_62958_CDS_0019;TemPhD_cluster_52379_CDS_0032;MGV-GENOME-0205381_CDS_0035;MGV-GENOME-0232811_CDS_0011;TemPhD_cluster_33805_CDS_0023;NC_022750.1_CDS_0017;TemPhD_cluster_52091_CDS_0005;TemPhD_cluster_52382_CDS_0008;TemPhD_cluster_38170_CDS_0007;TemPhD_cluster_52275_CDS_0031;NC_049457.1_CDS_0014;TemPhD_cluster_63038_CDS_0027;TemPhD_cluster_52275_CDS_0017;TemPhD_cluster_37904_CDS_0014	23
TemPhD_cluster_23865	31840	40	40	TemPhD_cluster_33809_CDS_0030;TemPhD_cluster_52018_CDS_0020;uvig_315197_CDS_0035;TemPhD_cluster_51656_CDS_0040;SAMN09781779_a1_ct39878_CDS_0021;TemPhD_cluster_28372_CDS_0021;TemPhD_cluster_28372_CDS_0009;TemPhD_cluster_63057_CDS_0001;TemPhD_cluster_37938_CDS_0036;MGV-GENOME-0227212_CDS_0019;MGV-GENOME-0230591_CDS_0008;TemPhD_cluster_9973_CDS_0030;TemPhD_cluster_52382_CDS_0007;TemPhD_cluster_52112_CDS_0003;SAMN09781779_a1_ct39878_CDS_0016;TemPhD_cluster_52209_CDS_0016;TemPhD_cluster_33807_CDS_0027;TemPhD_cluster_51656_CDS_0036;TemPhD_cluster_52222_CDS_0022;TemPhD_cluster_38170_CDS_0040;TemPhD_cluster_62972_CDS_0030;TemPhD_cluster_52155_CDS_0034;MGV-GENOME-0230591_CDS_0040;NC_049457.1_CDS_0018;TemPhD_cluster_62958_CDS_0019;TemPhD_cluster_52379_CDS_0032;TemPhD_cluster_52112_CDS_0002;MGV-GENOME-0232811_CDS_0011;TemPhD_cluster_33805_CDS_0023;MGV-GENOME-0205381_CDS_0035;NC_022750.1_CDS_0017;TemPhD_cluster_52091_CDS_0005;TemPhD_cluster_52382_CDS_0008;TemPhD_cluster_38170_CDS_0007;TemPhD_cluster_52275_CDS_0031;NC_049457.1_CDS_0014;TemPhD_cluster_63038_CDS_0027;TemPhD_cluster_33805_CDS_0024;TemPhD_cluster_52275_CDS_0017;TemPhD_cluster_37904_CDS_0014	24
NC_055844.1	31809	40	40	TemPhD_cluster_33809_CDS_0030;TemPhD_cluster_52018_CDS_0020;uvig_315197_CDS_0035;TemPhD_cluster_51656_CDS_0040;TemPhD_cluster_28372_CDS_0021;TemPhD_cluster_52155_CDS_0002;TemPhD_cluster_28372_CDS_0009;TemPhD_cluster_63057_CDS_0001;TemPhD_cluster_37938_CDS_0036;MGV-GENOME-0227212_CDS_0019;MGV-GENOME-0230591_CDS_0008;TemPhD_cluster_9973_CDS_0030;TemPhD_cluster_52382_CDS_0007;SAMN09781779_a1_ct39878_CDS_0016;TemPhD_cluster_52209_CDS_0016;TemPhD_cluster_33807_CDS_0027;TemPhD_cluster_51656_CDS_0036;TemPhD_cluster_52222_CDS_0022;TemPhD_cluster_38170_CDS_0040;TemPhD_cluster_62972_CDS_0030;TemPhD_cluster_52155_CDS_0034;TemPhD_cluster_52155_CDS_0003;MGV-GENOME-0230591_CDS_0040;NC_049457.1_CDS_0018;TemPhD_cluster_62958_CDS_0019;TemPhD_cluster_52379_CDS_0032;TemPhD_cluster_52155_CDS_0033;MGV-GENOME-0205381_CDS_0035;MGV-GENOME-0232811_CDS_0011;TemPhD_cluster_33805_CDS_0023;NC_022750.1_CDS_0017;TemPhD_cluster_52091_CDS_0005;TemPhD_cluster_52382_CDS_0008;TemPhD_cluster_38170_CDS_0007;NC_055844.1_CDS_0024;TemPhD_cluster_52275_CDS_0031;NC_049457.1_CDS_0014;TemPhD_cluster_63038_CDS_0027;TemPhD_cluster_52275_CDS_0017;TemPhD_cluster_37904_CDS_0014	25
TemPhD_cluster_20023	31464	40	40	TemPhD_cluster_33809_CDS_0030;TemPhD_cluster_52018_CDS_0020;uvig_315197_CDS_0035;TemPhD_cluster_51656_CDS_0040;TemPhD_cluster_28372_CDS_0021;TemPhD_cluster_51932_CDS_0036;NC_022750.1_CDS_0025;NC_022750.1_CDS_0002;TemPhD_cluster_28372_CDS_0009;NC_022750.1_CDS_0003;TemPhD_cluster_63057_CDS_0001;TemPhD_cluster_37938_CDS_0036;MGV-GENOME-0227212_CDS_0019;MGV-GENOME-0230591_CDS_0008;TemPhD_cluster_9973_CDS_0030;TemPhD_cluster_52382_CDS_0007;SAMN09781779_a1_ct39878_CDS_0016;TemPhD_cluster_52209_CDS_0016;TemPhD_cluster_33807_CDS_0027;TemPhD_cluster_51656_CDS_0036;TemPhD_cluster_52222_CDS_0022;TemPhD_cluster_38170_CDS_0040;TemPhD_cluster_62972_CDS_0030;TemPhD_cluster_52155_CDS_0034;MGV-GENOME-0230591_CDS_0040;NC_049457.1_CDS_0018;TemPhD_cluster_62958_CDS_0019;TemPhD_cluster_52379_CDS_0032;MGV-GENOME-0205381_CDS_0035;MGV-GENOME-0232811_CDS_0011;TemPhD_cluster_33805_CDS_0023;NC_022750.1_CDS_0017;TemPhD_cluster_52091_CDS_0005;TemPhD_cluster_52382_CDS_0008;TemPhD_cluster_38170_CDS_0007;NC_049457.1_CDS_0014;TemPhD_cluster_63038_CDS_0027;TemPhD_cluster_52275_CDS_0017;NC_022750.1_CDS_0004;TemPhD_cluster_37904_CDS_0014	26
TemPhD_cluster_63057	32277	40	40	TemPhD_cluster_33809_CDS_0030;TemPhD_cluster_52018_CDS_0020;uvig_315197_CDS_0035;TemPhD_cluster_51656_CDS_0040;TemPhD_cluster_52262_CDS_0004;TemPhD_cluster_28372_CDS_0021;TemPhD_cluster_28372_CDS_0009;TemPhD_cluster_63057_CDS_0001;TemPhD_cluster_37938_CDS_0036;MGV-GENOME-0227212_CDS_0019;MGV-GENOME-0230591_CDS_0008;TemPhD_cluster_9973_CDS_0030;TemPhD_cluster_52382_CDS_0007;TemPhD_cluster_63057_CDS_0002;SAMN09781779_a1_ct39878_CDS_0016;TemPhD_cluster_52209_CDS_0016;TemPhD_cluster_62821_CDS_0004;TemPhD_cluster_33807_CDS_0027;TemPhD_cluster_51656_CDS_0036;TemPhD_cluster_52222_CDS_0022;TemPhD_cluster_38170_CDS_0040;TemPhD_cluster_62972_CDS_0030;TemPhD_cluster_52155_CDS_0034;TemPhD_cluster_63057_CDS_0025;MGV-GENOME-0230591_CDS_0040;NC_049457.1_CDS_0018;TemPhD_cluster_62958_CDS_0019;TemPhD_cluster_52379_CDS_0032;MGV-GENOME-0205381_CDS_0035;MGV-GENOME-0232811_CDS_0011;TemPhD_cluster_33805_CDS_0023;NC_022750.1_CDS_0017;TemPhD_cluster_52091_CDS_0005;TemPhD_cluster_52382_CDS_0008;TemPhD_cluster_38170_CDS_0007;TemPhD_cluster_52275_CDS_0031;NC_049457.1_CDS_0014;TemPhD_cluster_63038_CDS_0027;TemPhD_cluster_52275_CDS_0017;TemPhD_cluster_37904_CDS_0014	27
TemPhD_cluster_51960	32519	40	40	TemPhD_cluster_33809_CDS_0030;TemPhD_cluster_52018_CDS_0020;uvig_315197_CDS_0035;TemPhD_cluster_51656_CDS_0040;TemPhD_cluster_28372_CDS_0021;TemPhD_cluster_28372_CDS_0009;TemPhD_cluster_63057_CDS_0001;TemPhD_cluster_37938_CDS_0036;MGV-GENOME-0227212_CDS_0019;TemPhD_cluster_63038_CDS_0027;MGV-GENOME-0230591_CDS_0008;TemPhD_cluster_51960_CDS_0025;TemPhD_cluster_9973_CDS_0030;TemPhD_cluster_52382_CDS_0007;TemPhD_cluster_52112_CDS_0003;SAMN09781779_a1_ct39878_CDS_0016;TemPhD_cluster_52209_CDS_0016;TemPhD_cluster_33807_CDS_0027;TemPhD_cluster_51656_CDS_0036;TemPhD_cluster_51960_CDS_0024;TemPhD_cluster_52222_CDS_0022;TemPhD_cluster_38170_CDS_0040;TemPhD_cluster_62972_CDS_0030;TemPhD_cluster_52155_CDS_0034;MGV-GENOME-0230591_CDS_0040;NC_049457.1_CDS_0018;TemPhD_cluster_62958_CDS_0019;TemPhD_cluster_52379_CDS_0032;TemPhD_cluster_52112_CDS_0002;MGV-GENOME-0232811_CDS_0011;MGV-GENOME-0205381_CDS_0035;NC_022750.1_CDS_0017;TemPhD_cluster_52091_CDS_0005;TemPhD_cluster_52382_CDS_0008;TemPhD_cluster_38170_CDS_0007;TemPhD_cluster_52275_CDS_0031;NC_049457.1_CDS_0014;TemPhD_cluster_15215_CDS_0021;TemPhD_cluster_52275_CDS_0017;TemPhD_cluster_37904_CDS_0014	28
TemPhD_cluster_23866	31840	40	40	TemPhD_cluster_33809_CDS_0030;TemPhD_cluster_52018_CDS_0020;uvig_315197_CDS_0035;TemPhD_cluster_51656_CDS_0040;TemPhD_cluster_28372_CDS_0021;TemPhD_cluster_51932_CDS_0036;TemPhD_cluster_63155_CDS_0031;TemPhD_cluster_28372_CDS_0009;TemPhD_cluster_63057_CDS_0001;TemPhD_cluster_37938_CDS_0036;TemPhD_cluster_63038_CDS_0027;MGV-GENOME-0230591_CDS_0008;TemPhD_cluster_9973_CDS_0030;TemPhD_cluster_23866_CDS_0023;TemPhD_cluster_52382_CDS_0007;TemPhD_cluster_63155_CDS_0002;SAMN09781779_a1_ct39878_CDS_0016;TemPhD_cluster_52209_CDS_0016;NC_049457.1_CDS_0014;TemPhD_cluster_33807_CDS_0027;TemPhD_cluster_51656_CDS_0036;TemPhD_cluster_52222_CDS_0022;TemPhD_cluster_38170_CDS_0040;TemPhD_cluster_62972_CDS_0030;TemPhD_cluster_52155_CDS_0034;MGV-GENOME-0230591_CDS_0040;NC_049457.1_CDS_0018;TemPhD_cluster_62958_CDS_0019;TemPhD_cluster_52379_CDS_0032;MGV-GENOME-0205381_CDS_0035;MGV-GENOME-0232811_CDS_0011;NC_022750.1_CDS_0017;TemPhD_cluster_52091_CDS_0005;TemPhD_cluster_52382_CDS_0008;TemPhD_cluster_38170_CDS_0007;TemPhD_cluster_52275_CDS_0031;MGV-GENOME-0227212_CDS_0019;TemPhD_cluster_15215_CDS_0021;TemPhD_cluster_52275_CDS_0017;TemPhD_cluster_37904_CDS_0014	29
TemPhD_cluster_33833	30811	41	41	TemPhD_cluster_33809_CDS_0030;TemPhD_cluster_52018_CDS_0020;uvig_315197_CDS_0035;TemPhD_cluster_51656_CDS_0040;TemPhD_cluster_28372_CDS_0021;NC_049461.1_CDS_0018;MGV-GENOME-0230157_CDS_0003;TemPhD_cluster_28372_CDS_0009;TemPhD_cluster_63057_CDS_0001;TemPhD_cluster_33809_CDS_0004;TemPhD_cluster_37938_CDS_0036;MGV-GENOME-0227212_CDS_0019;TemPhD_cluster_63038_CDS_0027;MGV-GENOME-0230591_CDS_0008;TemPhD_cluster_9973_CDS_0030;TemPhD_cluster_52382_CDS_0007;SAMN09781779_a1_ct39878_CDS_0016;TemPhD_cluster_52209_CDS_0016;TemPhD_cluster_33807_CDS_0027;TemPhD_cluster_51656_CDS_0036;TemPhD_cluster_52222_CDS_0022;TemPhD_cluster_38170_CDS_0040;TemPhD_cluster_62972_CDS_0030;TemPhD_cluster_52155_CDS_0034;MGV-GENOME-0230591_CDS_0040;NC_049457.1_CDS_0018;TemPhD_cluster_62958_CDS_0019;TemPhD_cluster_52379_CDS_0032;MGV-GENOME-0205381_CDS_0035;MGV-GENOME-0232811_CDS_0011;TemPhD_cluster_33805_CDS_0023;NC_022750.1_CDS_0017;TemPhD_cluster_52091_CDS_0005;TemPhD_cluster_52382_CDS_0008;TemPhD_cluster_38170_CDS_0007;TemPhD_cluster_52275_CDS_0031;NC_049457.1_CDS_0014;TemPhD_cluster_37825_CDS_0002;TemPhD_cluster_33805_CDS_0024;TemPhD_cluster_52275_CDS_0017;TemPhD_cluster_37904_CDS_0014	30
TemPhD_cluster_51656	34056	41	41	TemPhD_cluster_33809_CDS_0030;TemPhD_cluster_52018_CDS_0020;uvig_315197_CDS_0035;TemPhD_cluster_51656_CDS_0040;SAMN09781779_a1_ct39878_CDS_0021;TemPhD_cluster_28372_CDS_0021;TemPhD_cluster_51656_CDS_0041;TemPhD_cluster_28372_CDS_0009;TemPhD_cluster_63057_CDS_0001;TemPhD_cluster_37938_CDS_0036;MGV-GENOME-0227212_CDS_0019;TemPhD_cluster_63038_CDS_0027;MGV-GENOME-0230591_CDS_0008;TemPhD_cluster_51656_CDS_0002;TemPhD_cluster_9973_CDS_0030;TemPhD_cluster_23866_CDS_0023;TemPhD_cluster_52382_CDS_0007;SAMN09781779_a1_ct39878_CDS_0016;TemPhD_cluster_52209_CDS_0016;TemPhD_cluster_33807_CDS_0027;TemPhD_cluster_51656_CDS_0036;TemPhD_cluster_52222_CDS_0022;TemPhD_cluster_38170_CDS_0040;TemPhD_cluster_62972_CDS_0030;TemPhD_cluster_52155_CDS_0034;MGV-GENOME-0230591_CDS_0040;NC_049457.1_CDS_0018;TemPhD_cluster_62958_CDS_0019;TemPhD_cluster_52379_CDS_0032;TemPhD_cluster_51656_CDS_0003;MGV-GENOME-0205381_CDS_0035;MGV-GENOME-0232811_CDS_0011;NC_022750.1_CDS_0017;TemPhD_cluster_52091_CDS_0005;TemPhD_cluster_52382_CDS_0008;TemPhD_cluster_38170_CDS_0007;TemPhD_cluster_52275_CDS_0031;NC_049457.1_CDS_0014;TemPhD_cluster_15215_CDS_0021;TemPhD_cluster_52275_CDS_0017;TemPhD_cluster_37904_CDS_0014	31
TemPhD_cluster_33807	31047	41	41	TemPhD_cluster_33809_CDS_0030;TemPhD_cluster_52018_CDS_0020;TemPhD_cluster_33807_CDS_0025;uvig_315197_CDS_0035;TemPhD_cluster_28372_CDS_0021;TemPhD_cluster_51656_CDS_0040;NC_049461.1_CDS_0018;TemPhD_cluster_28372_CDS_0009;TemPhD_cluster_63057_CDS_0001;TemPhD_cluster_37938_CDS_0036;MGV-GENOME-0227212_CDS_0019;MGV-GENOME-0230591_CDS_0008;TemPhD_cluster_9973_CDS_0030;TemPhD_cluster_52382_CDS_0007;TemPhD_cluster_33807_CDS_0026;SAMN09781779_a1_ct39878_CDS_0016;TemPhD_cluster_52209_CDS_0016;TemPhD_cluster_33807_CDS_0027;TemPhD_cluster_51656_CDS_0036;TemPhD_cluster_52222_CDS_0022;TemPhD_cluster_38170_CDS_0040;TemPhD_cluster_62972_CDS_0030;TemPhD_cluster_52018_CDS_0025;TemPhD_cluster_52155_CDS_0034;MGV-GENOME-0230591_CDS_0040;NC_049457.1_CDS_0018;TemPhD_cluster_62958_CDS_0019;TemPhD_cluster_52379_CDS_0032;MGV-GENOME-0205381_CDS_0035;MGV-GENOME-0232811_CDS_0011;TemPhD_cluster_33805_CDS_0023;NC_022750.1_CDS_0017;TemPhD_cluster_52091_CDS_0005;MGV-GENOME-0205381_CDS_0002;TemPhD_cluster_52382_CDS_0008;TemPhD_cluster_38170_CDS_0007;TemPhD_cluster_52275_CDS_0031;NC_049457.1_CDS_0014;TemPhD_cluster_63038_CDS_0027;TemPhD_cluster_52275_CDS_0017;TemPhD_cluster_37904_CDS_0014	32
TemPhD_cluster_52155	31635	41	41	TemPhD_cluster_33809_CDS_0030;TemPhD_cluster_52018_CDS_0020;uvig_315197_CDS_0035;TemPhD_cluster_51656_CDS_0040;TemPhD_cluster_28372_CDS_0021;TemPhD_cluster_52155_CDS_0002;NC_049461.1_CDS_0018;TemPhD_cluster_28372_CDS_0009;TemPhD_cluster_63057_CDS_0001;TemPhD_cluster_37938_CDS_0036;MGV-GENOME-0227212_CDS_0019;MGV-GENOME-0230591_CDS_0008;TemPhD_cluster_9973_CDS_0030;TemPhD_cluster_52382_CDS_0007;SAMN09781779_a1_ct39878_CDS_0016;TemPhD_cluster_52209_CDS_0016;TemPhD_cluster_33807_CDS_0027;TemPhD_cluster_51656_CDS_0036;TemPhD_cluster_52222_CDS_0022;TemPhD_cluster_38170_CDS_0040;TemPhD_cluster_62972_CDS_0030;TemPhD_cluster_52155_CDS_0034;TemPhD_cluster_52155_CDS_0003;MGV-GENOME-0230591_CDS_0040;NC_049457.1_CDS_0018;TemPhD_cluster_62958_CDS_0019;TemPhD_cluster_52379_CDS_0032;TemPhD_cluster_52155_CDS_0033;MGV-GENOME-0205381_CDS_0035;MGV-GENOME-0232811_CDS_0011;TemPhD_cluster_33805_CDS_0023;NC_022750.1_CDS_0017;TemPhD_cluster_52091_CDS_0005;TemPhD_cluster_52382_CDS_0008;TemPhD_cluster_38170_CDS_0007;TemPhD_cluster_52275_CDS_0031;NC_049457.1_CDS_0014;TemPhD_cluster_63038_CDS_0027;TemPhD_cluster_33805_CDS_0024;TemPhD_cluster_52275_CDS_0017;TemPhD_cluster_37904_CDS_0014	33
MGV-GENOME-0232811	33870	41	41	TemPhD_cluster_33809_CDS_0030;TemPhD_cluster_52018_CDS_0020;uvig_315197_CDS_0035;TemPhD_cluster_51656_CDS_0040;TemPhD_cluster_28372_CDS_0021;TemPhD_cluster_51932_CDS_0036;TemPhD_cluster_28372_CDS_0009;TemPhD_cluster_63057_CDS_0001;TemPhD_cluster_37938_CDS_0036;MGV-GENOME-0227212_CDS_0019;MGV-GENOME-0230591_CDS_0008;TemPhD_cluster_9973_CDS_0030;TemPhD_cluster_52382_CDS_0007;TemPhD_cluster_52112_CDS_0003;SAMN09781779_a1_ct39878_CDS_0016;TemPhD_cluster_52209_CDS_0016;TemPhD_cluster_33807_CDS_0027;TemPhD_cluster_51656_CDS_0036;TemPhD_cluster_52222_CDS_0022;TemPhD_cluster_38170_CDS_0040;TemPhD_cluster_62972_CDS_0030;TemPhD_cluster_52155_CDS_0034;MGV-GENOME-0232811_CDS_0025;MGV-GENOME-0230591_CDS_0040;MGV-GENOME-0232811_CDS_0024;NC_049457.1_CDS_0018;TemPhD_cluster_62958_CDS_0019;TemPhD_cluster_52379_CDS_0032;TemPhD_cluster_52112_CDS_0002;MGV-GENOME-0232811_CDS_0011;TemPhD_cluster_33805_CDS_0023;MGV-GENOME-0205381_CDS_0035;NC_022750.1_CDS_0017;TemPhD_cluster_52091_CDS_0005;TemPhD_cluster_52382_CDS_0008;TemPhD_cluster_38170_CDS_0007;TemPhD_cluster_52275_CDS_0031;NC_049457.1_CDS_0014;TemPhD_cluster_63038_CDS_0027;TemPhD_cluster_52275_CDS_0017;TemPhD_cluster_37904_CDS_0014	34
TemPhD_cluster_51932	32682	41	41	TemPhD_cluster_33809_CDS_0030;TemPhD_cluster_52018_CDS_0020;uvig_315197_CDS_0035;TemPhD_cluster_51656_CDS_0040;SAMN09781779_a1_ct39878_CDS_0021;TemPhD_cluster_28372_CDS_0021;TemPhD_cluster_51932_CDS_0036;TemPhD_cluster_28372_CDS_0009;TemPhD_cluster_63057_CDS_0001;TemPhD_cluster_37938_CDS_0036;MGV-GENOME-0227212_CDS_0019;MGV-GENOME-0230591_CDS_0008;TemPhD_cluster_9973_CDS_0030;TemPhD_cluster_52382_CDS_0007;TemPhD_cluster_63057_CDS_0002;SAMN09781779_a1_ct39878_CDS_0016;TemPhD_cluster_52209_CDS_0016;TemPhD_cluster_33807_CDS_0027;TemPhD_cluster_51656_CDS_0036;TemPhD_cluster_52222_CDS_0022;TemPhD_cluster_38170_CDS_0040;TemPhD_cluster_62972_CDS_0030;TemPhD_cluster_52155_CDS_0034;MGV-GENOME-0230591_CDS_0040;NC_049457.1_CDS_0018;TemPhD_cluster_62958_CDS_0019;TemPhD_cluster_52379_CDS_0032;MGV-GENOME-0205381_CDS_0035;MGV-GENOME-0232811_CDS_0011;TemPhD_cluster_33805_CDS_0023;TemPhD_cluster_51932_CDS_0003;NC_022750.1_CDS_0017;TemPhD_cluster_52091_CDS_0005;TemPhD_cluster_52382_CDS_0008;TemPhD_cluster_38170_CDS_0007;TemPhD_cluster_52275_CDS_0031;NC_049457.1_CDS_0014;TemPhD_cluster_63038_CDS_0027;TemPhD_cluster_33805_CDS_0024;TemPhD_cluster_52275_CDS_0017;TemPhD_cluster_37904_CDS_0014	35
TemPhD_cluster_28372	31399	41	41	TemPhD_cluster_33809_CDS_0030;TemPhD_cluster_52018_CDS_0020;uvig_315197_CDS_0035;TemPhD_cluster_51656_CDS_0040;TemPhD_cluster_28372_CDS_0021;TemPhD_cluster_28372_CDS_0009;TemPhD_cluster_28372_CDS_0023;TemPhD_cluster_63057_CDS_0001;TemPhD_cluster_37938_CDS_0036;MGV-GENOME-0227212_CDS_0019;MGV-GENOME-0230591_CDS_0008;TemPhD_cluster_9973_CDS_0030;TemPhD_cluster_52382_CDS_0007;SAMN09781779_a1_ct39878_CDS_0016;TemPhD_cluster_52209_CDS_0016;TemPhD_cluster_28372_CDS_0024;TemPhD_cluster_33807_CDS_0027;TemPhD_cluster_51656_CDS_0036;TemPhD_cluster_38170_CDS_0040;TemPhD_cluster_62972_CDS_0030;TemPhD_cluster_52155_CDS_0034;MGV-GENOME-0205381_CDS_0024;MGV-GENOME-0230591_CDS_0040;NC_049457.1_CDS_0018;TemPhD_cluster_28372_CDS_0022;TemPhD_cluster_62958_CDS_0019;TemPhD_cluster_52379_CDS_0032;TemPhD_cluster_28372_CDS_0025;MGV-GENOME-0205381_CDS_0035;MGV-GENOME-0232811_CDS_0011;NC_022750.1_CDS_0017;TemPhD_cluster_52091_CDS_0005;TemPhD_cluster_52382_CDS_0008;TemPhD_cluster_38170_CDS_0007;TemPhD_cluster_52091_CDS_0027;TemPhD_cluster_52382_CDS_0002;TemPhD_cluster_52275_CDS_0031;NC_049457.1_CDS_0014;TemPhD_cluster_63038_CDS_0027;TemPhD_cluster_52275_CDS_0017;TemPhD_cluster_37904_CDS_0014	36
TemPhD_cluster_37938	32353	41	41	TemPhD_cluster_33809_CDS_0030;TemPhD_cluster_52018_CDS_0020;uvig_315197_CDS_0035;TemPhD_cluster_51656_CDS_0040;TemPhD_cluster_28372_CDS_0021;NC_022750.1_CDS_0002;TemPhD_cluster_28372_CDS_0009;NC_022750.1_CDS_0003;TemPhD_cluster_63057_CDS_0001;TemPhD_cluster_37938_CDS_0036;MGV-GENOME-0227212_CDS_0019;MGV-GENOME-0230591_CDS_0008;TemPhD_cluster_9973_CDS_0030;TemPhD_cluster_52382_CDS_0007;SAMN09781779_a1_ct39878_CDS_0016;TemPhD_cluster_52209_CDS_0016;TemPhD_cluster_33807_CDS_0027;TemPhD_cluster_51656_CDS_0036;TemPhD_cluster_52222_CDS_0022;TemPhD_cluster_38170_CDS_0040;TemPhD_cluster_62972_CDS_0030;TemPhD_cluster_52155_CDS_0034;MGV-GENOME-0230591_CDS_0040;NC_049457.1_CDS_0018;TemPhD_cluster_62958_CDS_0019;TemPhD_cluster_52379_CDS_0032;TemPhD_cluster_52155_CDS_0033;MGV-GENOME-0205381_CDS_0035;MGV-GENOME-0232811_CDS_0011;TemPhD_cluster_33805_CDS_0023;NC_022750.1_CDS_0017;TemPhD_cluster_52091_CDS_0005;TemPhD_cluster_52382_CDS_0008;TemPhD_cluster_38170_CDS_0007;TemPhD_cluster_52275_CDS_0031;NC_049457.1_CDS_0014;TemPhD_cluster_63038_CDS_0027;TemPhD_cluster_33805_CDS_0024;TemPhD_cluster_52275_CDS_0017;NC_022750.1_CDS_0004;TemPhD_cluster_37904_CDS_0014	37
TemPhD_cluster_63096	32132	41	41	TemPhD_cluster_33809_CDS_0030;TemPhD_cluster_52018_CDS_0020;uvig_315197_CDS_0035;TemPhD_cluster_51656_CDS_0040;TemPhD_cluster_28372_CDS_0021;TemPhD_cluster_51932_CDS_0036;TemPhD_cluster_28372_CDS_0009;TemPhD_cluster_63057_CDS_0001;TemPhD_cluster_37938_CDS_0036;MGV-GENOME-0227212_CDS_0019;MGV-GENOME-0230591_CDS_0008;TemPhD_cluster_9973_CDS_0030;TemPhD_cluster_52382_CDS_0007;TemPhD_cluster_63057_CDS_0002;SAMN09781779_a1_ct39878_CDS_0016;TemPhD_cluster_52209_CDS_0016;TemPhD_cluster_33807_CDS_0027;TemPhD_cluster_51656_CDS_0036;TemPhD_cluster_52222_CDS_0022;TemPhD_cluster_38170_CDS_0040;TemPhD_cluster_62972_CDS_0030;TemPhD_cluster_52155_CDS_0034;MGV-GENOME-0230591_CDS_0040;NC_049457.1_CDS_0018;TemPhD_cluster_62958_CDS_0019;TemPhD_cluster_52379_CDS_0032;MGV-GENOME-0205381_CDS_0035;MGV-GENOME-0232811_CDS_0011;TemPhD_cluster_33805_CDS_0023;TemPhD_cluster_51932_CDS_0003;NC_022750.1_CDS_0017;TemPhD_cluster_52091_CDS_0005;TemPhD_cluster_52382_CDS_0008;TemPhD_cluster_38170_CDS_0007;TemPhD_cluster_63096_CDS_0002;TemPhD_cluster_52275_CDS_0031;NC_049457.1_CDS_0014;TemPhD_cluster_63038_CDS_0027;TemPhD_cluster_33805_CDS_0024;TemPhD_cluster_52275_CDS_0017;TemPhD_cluster_37904_CDS_0014	38
TemPhD_cluster_62933	32809	41	41	TemPhD_cluster_33809_CDS_0030;TemPhD_cluster_52018_CDS_0020;uvig_315197_CDS_0035;TemPhD_cluster_51656_CDS_0040;TemPhD_cluster_28372_CDS_0021;NC_022750.1_CDS_0002;TemPhD_cluster_28372_CDS_0009;NC_022750.1_CDS_0003;TemPhD_cluster_63057_CDS_0001;TemPhD_cluster_37938_CDS_0036;MGV-GENOME-0227212_CDS_0019;MGV-GENOME-0230591_CDS_0008;TemPhD_cluster_9973_CDS_0030;TemPhD_cluster_52382_CDS_0007;SAMN09781779_a1_ct39878_CDS_0016;TemPhD_cluster_52209_CDS_0016;TemPhD_cluster_33807_CDS_0027;TemPhD_cluster_51656_CDS_0036;TemPhD_cluster_52222_CDS_0022;TemPhD_cluster_38170_CDS_0040;TemPhD_cluster_62972_CDS_0030;TemPhD_cluster_52155_CDS_0034;MGV-GENOME-0230591_CDS_0040;NC_049457.1_CDS_0018;TemPhD_cluster_62958_CDS_0019;TemPhD_cluster_52379_CDS_0032;TemPhD_cluster_52155_CDS_0033;MGV-GENOME-0205381_CDS_0035;MGV-GENOME-0232811_CDS_0011;TemPhD_cluster_33805_CDS_0023;NC_022750.1_CDS_0017;TemPhD_cluster_63038_CDS_0024;TemPhD_cluster_52091_CDS_0005;TemPhD_cluster_52382_CDS_0008;TemPhD_cluster_38170_CDS_0007;TemPhD_cluster_52275_CDS_0031;NC_049457.1_CDS_0014;TemPhD_cluster_63038_CDS_0027;TemPhD_cluster_52275_CDS_0017;NC_022750.1_CDS_0004;TemPhD_cluster_37904_CDS_0014	39
TemPhD_cluster_52112	31844	41	41	TemPhD_cluster_33809_CDS_0030;TemPhD_cluster_52018_CDS_0020;uvig_315197_CDS_0035;TemPhD_cluster_51656_CDS_0040;SAMN09781779_a1_ct39878_CDS_0021;TemPhD_cluster_28372_CDS_0021;TemPhD_cluster_51932_CDS_0036;TemPhD_cluster_28372_CDS_0009;TemPhD_cluster_63057_CDS_0001;TemPhD_cluster_37938_CDS_0036;MGV-GENOME-0227212_CDS_0019;MGV-GENOME-0230591_CDS_0008;TemPhD_cluster_9973_CDS_0030;TemPhD_cluster_52382_CDS_0007;TemPhD_cluster_52112_CDS_0003;SAMN09781779_a1_ct39878_CDS_0016;TemPhD_cluster_52209_CDS_0016;TemPhD_cluster_33807_CDS_0027;TemPhD_cluster_51656_CDS_0036;TemPhD_cluster_52222_CDS_0022;TemPhD_cluster_38170_CDS_0040;TemPhD_cluster_62972_CDS_0030;TemPhD_cluster_52155_CDS_0034;MGV-GENOME-0230591_CDS_0040;NC_049457.1_CDS_0018;TemPhD_cluster_62958_CDS_0019;TemPhD_cluster_52379_CDS_0032;TemPhD_cluster_52112_CDS_0002;MGV-GENOME-0232811_CDS_0011;TemPhD_cluster_33805_CDS_0023;MGV-GENOME-0205381_CDS_0035;NC_022750.1_CDS_0017;TemPhD_cluster_52091_CDS_0005;TemPhD_cluster_52382_CDS_0008;TemPhD_cluster_38170_CDS_0007;TemPhD_cluster_52275_CDS_0031;NC_049457.1_CDS_0014;TemPhD_cluster_63038_CDS_0027;TemPhD_cluster_33805_CDS_0024;TemPhD_cluster_52275_CDS_0017;TemPhD_cluster_37904_CDS_0014	40
TemPhD_cluster_38170	30393	41	41	TemPhD_cluster_33809_CDS_0030;TemPhD_cluster_33725_CDS_0003;TemPhD_cluster_52018_CDS_0020;uvig_315197_CDS_0035;TemPhD_cluster_51656_CDS_0040;TemPhD_cluster_28372_CDS_0021;TemPhD_cluster_28372_CDS_0009;TemPhD_cluster_63057_CDS_0001;TemPhD_cluster_52379_CDS_0025;TemPhD_cluster_37938_CDS_0036;TemPhD_cluster_38170_CDS_0025;MGV-GENOME-0227212_CDS_0019;MGV-GENOME-0230591_CDS_0008;TemPhD_cluster_9973_CDS_0030;TemPhD_cluster_37904_CDS_0005;MGV-GENOME-0230157_CDS_0004;TemPhD_cluster_52382_CDS_0007;SAMN09781779_a1_ct39878_CDS_0016;TemPhD_cluster_52209_CDS_0016;TemPhD_cluster_28372_CDS_0024;TemPhD_cluster_38170_CDS_0026;TemPhD_cluster_33807_CDS_0027;TemPhD_cluster_51656_CDS_0036;TemPhD_cluster_38170_CDS_0040;TemPhD_cluster_62972_CDS_0030;TemPhD_cluster_52155_CDS_0034;MGV-GENOME-0230591_CDS_0040;NC_049457.1_CDS_0018;TemPhD_cluster_62958_CDS_0019;TemPhD_cluster_52379_CDS_0032;MGV-GENOME-0205381_CDS_0035;MGV-GENOME-0232811_CDS_0011;NC_022750.1_CDS_0017;TemPhD_cluster_52091_CDS_0005;TemPhD_cluster_52382_CDS_0008;TemPhD_cluster_38170_CDS_0007;TemPhD_cluster_52275_CDS_0031;NC_049457.1_CDS_0014;TemPhD_cluster_63038_CDS_0027;TemPhD_cluster_52275_CDS_0017;TemPhD_cluster_37904_CDS_0014	41
TemPhD_cluster_52209	31413	41	41	TemPhD_cluster_33809_CDS_0030;TemPhD_cluster_52018_CDS_0020;uvig_315197_CDS_0035;TemPhD_cluster_51656_CDS_0040;TemPhD_cluster_28372_CDS_0021;TemPhD_cluster_51932_CDS_0036;NC_022750.1_CDS_0002;TemPhD_cluster_28372_CDS_0009;NC_022750.1_CDS_0003;TemPhD_cluster_63057_CDS_0001;TemPhD_cluster_37938_CDS_0036;MGV-GENOME-0227212_CDS_0019;MGV-GENOME-0230591_CDS_0008;TemPhD_cluster_9973_CDS_0030;TemPhD_cluster_52382_CDS_0007;SAMN09781779_a1_ct39878_CDS_0016;TemPhD_cluster_52209_CDS_0016;TemPhD_cluster_33807_CDS_0027;TemPhD_cluster_51656_CDS_0036;TemPhD_cluster_52222_CDS_0022;TemPhD_cluster_38170_CDS_0040;TemPhD_cluster_62972_CDS_0030;TemPhD_cluster_52155_CDS_0034;MGV-GENOME-0230591_CDS_0040;NC_049457.1_CDS_0018;TemPhD_cluster_62958_CDS_0019;TemPhD_cluster_52209_CDS_0025;TemPhD_cluster_52379_CDS_0032;MGV-GENOME-0205381_CDS_0035;MGV-GENOME-0232811_CDS_0011;TemPhD_cluster_33805_CDS_0023;NC_022750.1_CDS_0017;TemPhD_cluster_52091_CDS_0005;TemPhD_cluster_52382_CDS_0008;TemPhD_cluster_38170_CDS_0007;TemPhD_cluster_52275_CDS_0031;NC_049457.1_CDS_0014;TemPhD_cluster_63038_CDS_0027;TemPhD_cluster_52275_CDS_0017;NC_022750.1_CDS_0004;TemPhD_cluster_37904_CDS_0014	42
TemPhD_cluster_37844	33463	41	41	TemPhD_cluster_33809_CDS_0030;TemPhD_cluster_52018_CDS_0020;uvig_315197_CDS_0035;TemPhD_cluster_51656_CDS_0040;SAMN09781779_a1_ct39878_CDS_0021;TemPhD_cluster_28372_CDS_0021;TemPhD_cluster_51932_CDS_0036;TemPhD_cluster_37844_CDS_0025;TemPhD_cluster_28372_CDS_0009;TemPhD_cluster_63057_CDS_0001;TemPhD_cluster_37938_CDS_0036;MGV-GENOME-0227212_CDS_0019;MGV-GENOME-0230591_CDS_0008;TemPhD_cluster_9973_CDS_0030;TemPhD_cluster_52382_CDS_0007;TemPhD_cluster_63057_CDS_0002;SAMN09781779_a1_ct39878_CDS_0016;TemPhD_cluster_52209_CDS_0016;TemPhD_cluster_33807_CDS_0027;TemPhD_cluster_51656_CDS_0036;TemPhD_cluster_52222_CDS_0022;TemPhD_cluster_38170_CDS_0040;TemPhD_cluster_62972_CDS_0030;TemPhD_cluster_52155_CDS_0034;MGV-GENOME-0230591_CDS_0040;NC_049457.1_CDS_0018;TemPhD_cluster_62958_CDS_0019;TemPhD_cluster_52379_CDS_0032;MGV-GENOME-0205381_CDS_0035;MGV-GENOME-0232811_CDS_0011;TemPhD_cluster_33805_CDS_0023;TemPhD_cluster_51932_CDS_0003;NC_022750.1_CDS_0017;TemPhD_cluster_52091_CDS_0005;TemPhD_cluster_52382_CDS_0008;TemPhD_cluster_38170_CDS_0007;TemPhD_cluster_52275_CDS_0031;NC_049457.1_CDS_0014;TemPhD_cluster_63038_CDS_0027;TemPhD_cluster_52275_CDS_0017;TemPhD_cluster_37904_CDS_0014	43
TemPhD_cluster_37906	32672	42	42	TemPhD_cluster_33809_CDS_0030;TemPhD_cluster_52018_CDS_0020;uvig_315197_CDS_0035;TemPhD_cluster_51656_CDS_0040;TemPhD_cluster_28372_CDS_0021;TemPhD_cluster_51932_CDS_0036;TemPhD_cluster_28372_CDS_0009;TemPhD_cluster_63057_CDS_0001;TemPhD_cluster_37938_CDS_0036;MGV-GENOME-0227212_CDS_0019;MGV-GENOME-0230591_CDS_0008;TemPhD_cluster_9973_CDS_0030;TemPhD_cluster_52382_CDS_0007;TemPhD_cluster_37906_CDS_0005;TemPhD_cluster_63057_CDS_0002;SAMN09781779_a1_ct39878_CDS_0016;TemPhD_cluster_52209_CDS_0016;TemPhD_cluster_33807_CDS_0027;TemPhD_cluster_51656_CDS_0036;TemPhD_cluster_52222_CDS_0022;TemPhD_cluster_38170_CDS_0040;TemPhD_cluster_62972_CDS_0030;TemPhD_cluster_52155_CDS_0034;MGV-GENOME-0230591_CDS_0040;NC_049457.1_CDS_0018;TemPhD_cluster_62958_CDS_0019;TemPhD_cluster_52379_CDS_0032;MGV-GENOME-0205381_CDS_0035;MGV-GENOME-0232811_CDS_0011;TemPhD_cluster_33805_CDS_0023;TemPhD_cluster_51932_CDS_0003;NC_022750.1_CDS_0017;TemPhD_cluster_52091_CDS_0005;TemPhD_cluster_52382_CDS_0008;TemPhD_cluster_38170_CDS_0007;TemPhD_cluster_63096_CDS_0002;TemPhD_cluster_52275_CDS_0031;NC_049457.1_CDS_0014;TemPhD_cluster_63038_CDS_0027;TemPhD_cluster_33805_CDS_0024;TemPhD_cluster_52275_CDS_0017;TemPhD_cluster_37904_CDS_0014	44
TemPhD_cluster_51953	32570	42	42	TemPhD_cluster_33809_CDS_0030;TemPhD_cluster_52018_CDS_0020;uvig_315197_CDS_0035;TemPhD_cluster_51656_CDS_0040;TemPhD_cluster_52262_CDS_0004;TemPhD_cluster_28372_CDS_0021;TemPhD_cluster_51953_CDS_0025;TemPhD_cluster_28372_CDS_0009;TemPhD_cluster_63057_CDS_0001;TemPhD_cluster_37938_CDS_0036;MGV-GENOME-0227212_CDS_0019;MGV-GENOME-0230591_CDS_0008;TemPhD_cluster_9973_CDS_0030;TemPhD_cluster_63057_CDS_0002;SAMN09781779_a1_ct39878_CDS_0016;TemPhD_cluster_52209_CDS_0016;TemPhD_cluster_62821_CDS_0004;TemPhD_cluster_33807_CDS_0027;TemPhD_cluster_51953_CDS_0027;TemPhD_cluster_51656_CDS_0036;TemPhD_cluster_38170_CDS_0040;NC_049457.1_CDS_0011;TemPhD_cluster_62972_CDS_0030;TemPhD_cluster_52155_CDS_0034;MGV-GENOME-0230591_CDS_0040;NC_049457.1_CDS_0018;TemPhD_cluster_28372_CDS_0022;TemPhD_cluster_62958_CDS_0019;TemPhD_cluster_52379_CDS_0032;MGV-GENOME-0205381_CDS_0035;MGV-GENOME-0232811_CDS_0011;TemPhD_cluster_33805_CDS_0023;NC_022750.1_CDS_0017;TemPhD_cluster_52091_CDS_0005;TemPhD_cluster_52382_CDS_0008;TemPhD_cluster_38170_CDS_0007;TemPhD_cluster_51953_CDS_0008;TemPhD_cluster_52275_CDS_0031;NC_049457.1_CDS_0014;TemPhD_cluster_63038_CDS_0027;TemPhD_cluster_52275_CDS_0017;TemPhD_cluster_37904_CDS_0014	45
NC_049461.1	31834	42	42	TemPhD_cluster_33809_CDS_0030;TemPhD_cluster_52018_CDS_0020;TemPhD_cluster_33807_CDS_0025;uvig_315197_CDS_0035;TemPhD_cluster_28372_CDS_0021;TemPhD_cluster_51656_CDS_0040;TemPhD_cluster_52155_CDS_0002;NC_049461.1_CDS_0018;TemPhD_cluster_28372_CDS_0009;TemPhD_cluster_63057_CDS_0001;TemPhD_cluster_37938_CDS_0036;MGV-GENOME-0227212_CDS_0019;MGV-GENOME-0230591_CDS_0008;TemPhD_cluster_9973_CDS_0030;TemPhD_cluster_52382_CDS_0007;TemPhD_cluster_33807_CDS_0026;SAMN09781779_a1_ct39878_CDS_0016;TemPhD_cluster_52209_CDS_0016;TemPhD_cluster_33807_CDS_0027;TemPhD_cluster_51656_CDS_0036;TemPhD_cluster_52222_CDS_0022;TemPhD_cluster_38170_CDS_0040;TemPhD_cluster_62972_CDS_0030;TemPhD_cluster_52018_CDS_0025;TemPhD_cluster_52155_CDS_0003;TemPhD_cluster_52155_CDS_0034;MGV-GENOME-0230591_CDS_0040;NC_049457.1_CDS_0018;TemPhD_cluster_62958_CDS_0019;TemPhD_cluster_52379_CDS_0032;MGV-GENOME-0205381_CDS_0035;MGV-GENOME-0232811_CDS_0011;TemPhD_cluster_33805_CDS_0023;NC_022750.1_CDS_0017;TemPhD_cluster_52091_CDS_0005;TemPhD_cluster_52382_CDS_0008;TemPhD_cluster_38170_CDS_0007;TemPhD_cluster_52275_CDS_0031;NC_049457.1_CDS_0014;TemPhD_cluster_63038_CDS_0027;TemPhD_cluster_52275_CDS_0017;TemPhD_cluster_37904_CDS_0014	46
TemPhD_cluster_52018	32272	42	42	TemPhD_cluster_33809_CDS_0030;TemPhD_cluster_52018_CDS_0020;TemPhD_cluster_33807_CDS_0025;uvig_315197_CDS_0035;TemPhD_cluster_28372_CDS_0021;TemPhD_cluster_51656_CDS_0040;TemPhD_cluster_51932_CDS_0036;NC_022750.1_CDS_0002;TemPhD_cluster_28372_CDS_0009;NC_022750.1_CDS_0003;TemPhD_cluster_63057_CDS_0001;TemPhD_cluster_37938_CDS_0036;MGV-GENOME-0227212_CDS_0019;MGV-GENOME-0230591_CDS_0008;TemPhD_cluster_9973_CDS_0030;TemPhD_cluster_52382_CDS_0007;TemPhD_cluster_33807_CDS_0026;SAMN09781779_a1_ct39878_CDS_0016;TemPhD_cluster_52209_CDS_0016;TemPhD_cluster_33807_CDS_0027;TemPhD_cluster_51656_CDS_0036;TemPhD_cluster_52222_CDS_0022;TemPhD_cluster_38170_CDS_0040;TemPhD_cluster_62972_CDS_0030;TemPhD_cluster_52018_CDS_0025;TemPhD_cluster_52155_CDS_0034;MGV-GENOME-0230591_CDS_0040;NC_049457.1_CDS_0018;TemPhD_cluster_62958_CDS_0019;TemPhD_cluster_52379_CDS_0032;MGV-GENOME-0205381_CDS_0035;MGV-GENOME-0232811_CDS_0011;TemPhD_cluster_33805_CDS_0023;NC_022750.1_CDS_0017;TemPhD_cluster_52091_CDS_0005;TemPhD_cluster_52382_CDS_0008;TemPhD_cluster_38170_CDS_0007;NC_049457.1_CDS_0014;TemPhD_cluster_63038_CDS_0027;TemPhD_cluster_52275_CDS_0017;NC_022750.1_CDS_0004;TemPhD_cluster_37904_CDS_0014	47
TemPhD_cluster_37904	32678	42	42	TemPhD_cluster_33809_CDS_0030;TemPhD_cluster_52018_CDS_0020;uvig_315197_CDS_0035;TemPhD_cluster_51656_CDS_0040;TemPhD_cluster_28372_CDS_0021;TemPhD_cluster_51932_CDS_0036;TemPhD_cluster_28372_CDS_0009;TemPhD_cluster_63057_CDS_0001;TemPhD_cluster_37938_CDS_0036;MGV-GENOME-0227212_CDS_0019;TemPhD_cluster_63038_CDS_0027;MGV-GENOME-0230591_CDS_0008;TemPhD_cluster_9973_CDS_0030;TemPhD_cluster_37904_CDS_0005;TemPhD_cluster_37904_CDS_0004;MGV-GENOME-0230157_CDS_0004;TemPhD_cluster_52382_CDS_0007;TemPhD_cluster_62953_CDS_0027;SAMN09781779_a1_ct39878_CDS_0016;TemPhD_cluster_52209_CDS_0016;TemPhD_cluster_33807_CDS_0027;TemPhD_cluster_51656_CDS_0036;TemPhD_cluster_52222_CDS_0022;TemPhD_cluster_38170_CDS_0040;TemPhD_cluster_62972_CDS_0030;TemPhD_cluster_52155_CDS_0034;MGV-GENOME-0230591_CDS_0040;NC_049457.1_CDS_0018;TemPhD_cluster_62958_CDS_0019;TemPhD_cluster_52379_CDS_0032;MGV-GENOME-0205381_CDS_0035;MGV-GENOME-0232811_CDS_0011;TemPhD_cluster_33805_CDS_0023;NC_022750.1_CDS_0017;TemPhD_cluster_52091_CDS_0005;TemPhD_cluster_52382_CDS_0008;TemPhD_cluster_38170_CDS_0007;TemPhD_cluster_52275_CDS_0031;NC_049457.1_CDS_0014;TemPhD_cluster_37825_CDS_0002;TemPhD_cluster_52275_CDS_0017;TemPhD_cluster_37904_CDS_0014	48
TemPhD_cluster_52262	31181	42	42	TemPhD_cluster_33809_CDS_0030;TemPhD_cluster_52018_CDS_0020;uvig_315197_CDS_0035;TemPhD_cluster_51656_CDS_0040;TemPhD_cluster_52262_CDS_0004;TemPhD_cluster_28372_CDS_0021;TemPhD_cluster_28372_CDS_0009;TemPhD_cluster_63057_CDS_0001;TemPhD_cluster_52379_CDS_0025;TemPhD_cluster_37938_CDS_0036;MGV-GENOME-0227212_CDS_0019;TemPhD_cluster_63038_CDS_0027;MGV-GENOME-0230591_CDS_0008;TemPhD_cluster_9973_CDS_0030;TemPhD_cluster_52382_CDS_0007;TemPhD_cluster_63057_CDS_0002;SAMN09781779_a1_ct39878_CDS_0016;TemPhD_cluster_52209_CDS_0016;TemPhD_cluster_28372_CDS_0024;TemPhD_cluster_62821_CDS_0004;TemPhD_cluster_33807_CDS_0027;TemPhD_cluster_51656_CDS_0036;TemPhD_cluster_38170_CDS_0040;TemPhD_cluster_62972_CDS_0030;TemPhD_cluster_52155_CDS_0034;MGV-GENOME-0230591_CDS_0040;NC_049457.1_CDS_0018;TemPhD_cluster_52262_CDS_0026;TemPhD_cluster_62958_CDS_0019;TemPhD_cluster_52379_CDS_0032;MGV-GENOME-0205381_CDS_0035;MGV-GENOME-0232811_CDS_0011;NC_022750.1_CDS_0017;TemPhD_cluster_52091_CDS_0005;TemPhD_cluster_52382_CDS_0008;TemPhD_cluster_38170_CDS_0007;TemPhD_cluster_52091_CDS_0027;TemPhD_cluster_52275_CDS_0031;NC_049457.1_CDS_0014;TemPhD_cluster_15215_CDS_0021;TemPhD_cluster_52275_CDS_0017;TemPhD_cluster_37904_CDS_0014	49
TemPhD_cluster_62821	33325	42	42	TemPhD_cluster_33809_CDS_0030;TemPhD_cluster_52018_CDS_0020;uvig_315197_CDS_0035;TemPhD_cluster_51656_CDS_0040;TemPhD_cluster_52262_CDS_0004;TemPhD_cluster_28372_CDS_0021;TemPhD_cluster_28372_CDS_0009;TemPhD_cluster_63057_CDS_0001;TemPhD_cluster_62821_CDS_0026;TemPhD_cluster_37938_CDS_0036;MGV-GENOME-0227212_CDS_0019;TemPhD_cluster_63038_CDS_0027;MGV-GENOME-0230591_CDS_0008;TemPhD_cluster_9973_CDS_0030;TemPhD_cluster_52382_CDS_0007;TemPhD_cluster_63057_CDS_0002;SAMN09781779_a1_ct39878_CDS_0016;TemPhD_cluster_52209_CDS_0016;TemPhD_cluster_62821_CDS_0004;TemPhD_cluster_33807_CDS_0027;TemPhD_cluster_62821_CDS_0027;TemPhD_cluster_51656_CDS_0036;TemPhD_cluster_52222_CDS_0022;TemPhD_cluster_38170_CDS_0040;TemPhD_cluster_62972_CDS_0030;TemPhD_cluster_52155_CDS_0034;MGV-GENOME-0230591_CDS_0040;NC_049457.1_CDS_0018;TemPhD_cluster_62958_CDS_0019;TemPhD_cluster_52379_CDS_0032;MGV-GENOME-0205381_CDS_0035;MGV-GENOME-0232811_CDS_0011;TemPhD_cluster_33805_CDS_0023;NC_022750.1_CDS_0017;TemPhD_cluster_52091_CDS_0005;TemPhD_cluster_52382_CDS_0008;TemPhD_cluster_38170_CDS_0007;TemPhD_cluster_52275_CDS_0031;NC_049457.1_CDS_0014;TemPhD_cluster_37825_CDS_0002;TemPhD_cluster_52275_CDS_0017;TemPhD_cluster_37904_CDS_0014	50
uvig_315197	33220	42	42	TemPhD_cluster_33809_CDS_0030;TemPhD_cluster_52018_CDS_0020;uvig_315197_CDS_0035;TemPhD_cluster_51656_CDS_0040;TemPhD_cluster_28372_CDS_0021;TemPhD_cluster_51932_CDS_0036;uvig_315197_CDS_0004;TemPhD_cluster_28372_CDS_0009;uvig_315197_CDS_0003;TemPhD_cluster_63057_CDS_0001;TemPhD_cluster_37938_CDS_0036;uvig_315197_CDS_0031;MGV-GENOME-0227212_CDS_0019;TemPhD_cluster_63038_CDS_0027;MGV-GENOME-0230591_CDS_0008;TemPhD_cluster_9973_CDS_0030;TemPhD_cluster_52382_CDS_0007;SAMN09781779_a1_ct39878_CDS_0016;TemPhD_cluster_52209_CDS_0016;TemPhD_cluster_33807_CDS_0027;TemPhD_cluster_51656_CDS_0036;TemPhD_cluster_52222_CDS_0022;TemPhD_cluster_38170_CDS_0040;TemPhD_cluster_62972_CDS_0030;TemPhD_cluster_52155_CDS_0034;MGV-GENOME-0230591_CDS_0040;NC_049457.1_CDS_0018;TemPhD_cluster_62958_CDS_0019;TemPhD_cluster_52379_CDS_0032;uvig_315197_CDS_0032;MGV-GENOME-0205381_CDS_0035;MGV-GENOME-0232811_CDS_0011;TemPhD_cluster_33805_CDS_0023;NC_022750.1_CDS_0017;TemPhD_cluster_52091_CDS_0005;TemPhD_cluster_52382_CDS_0008;TemPhD_cluster_38170_CDS_0007;uvig_315197_CDS_0033;NC_049457.1_CDS_0014;TemPhD_cluster_37825_CDS_0002;TemPhD_cluster_52275_CDS_0017;TemPhD_cluster_37904_CDS_0014	51
NC_005056.1	32684	42	42	TemPhD_cluster_33809_CDS_0030;TemPhD_cluster_52018_CDS_0020;uvig_315197_CDS_0035;TemPhD_cluster_51656_CDS_0040;TemPhD_cluster_28372_CDS_0021;TemPhD_cluster_51932_CDS_0036;TemPhD_cluster_28372_CDS_0009;TemPhD_cluster_63057_CDS_0001;TemPhD_cluster_37938_CDS_0036;MGV-GENOME-0227212_CDS_0019;MGV-GENOME-0230591_CDS_0008;TemPhD_cluster_9973_CDS_0030;TemPhD_cluster_37904_CDS_0005;TemPhD_cluster_37904_CDS_0004;MGV-GENOME-0230157_CDS_0004;TemPhD_cluster_52382_CDS_0007;TemPhD_cluster_62953_CDS_0027;SAMN09781779_a1_ct39878_CDS_0016;TemPhD_cluster_52209_CDS_0016;TemPhD_cluster_33807_CDS_0027;TemPhD_cluster_51656_CDS_0036;TemPhD_cluster_52222_CDS_0022;TemPhD_cluster_38170_CDS_0040;TemPhD_cluster_62972_CDS_0030;TemPhD_cluster_52155_CDS_0034;MGV-GENOME-0230591_CDS_0040;NC_049457.1_CDS_0018;TemPhD_cluster_62958_CDS_0019;TemPhD_cluster_52379_CDS_0032;MGV-GENOME-0205381_CDS_0035;MGV-GENOME-0232811_CDS_0011;TemPhD_cluster_33805_CDS_0023;NC_022750.1_CDS_0017;TemPhD_cluster_52091_CDS_0005;TemPhD_cluster_52382_CDS_0008;TemPhD_cluster_38170_CDS_0007;TemPhD_cluster_63096_CDS_0002;TemPhD_cluster_52275_CDS_0031;NC_049457.1_CDS_0014;TemPhD_cluster_63038_CDS_0027;TemPhD_cluster_52275_CDS_0017;TemPhD_cluster_37904_CDS_0014	52
TemPhD_cluster_37825	33595	42	42	TemPhD_cluster_33809_CDS_0030;TemPhD_cluster_52018_CDS_0020;uvig_315197_CDS_0035;TemPhD_cluster_51656_CDS_0040;SAMN09781779_a1_ct39878_CDS_0021;TemPhD_cluster_28372_CDS_0021;TemPhD_cluster_62953_CDS_0005;TemPhD_cluster_28372_CDS_0009;TemPhD_cluster_63057_CDS_0001;TemPhD_cluster_37938_CDS_0036;MGV-GENOME-0227212_CDS_0019;TemPhD_cluster_63038_CDS_0027;MGV-GENOME-0230591_CDS_0008;TemPhD_cluster_9973_CDS_0030;TemPhD_cluster_52382_CDS_0007;TemPhD_cluster_62953_CDS_0027;SAMN09781779_a1_ct39878_CDS_0016;TemPhD_cluster_52209_CDS_0016;TemPhD_cluster_37825_CDS_0005;TemPhD_cluster_33807_CDS_0027;TemPhD_cluster_51656_CDS_0036;TemPhD_cluster_62953_CDS_0004;TemPhD_cluster_52222_CDS_0022;TemPhD_cluster_38170_CDS_0040;TemPhD_cluster_62972_CDS_0030;TemPhD_cluster_52155_CDS_0034;MGV-GENOME-0230591_CDS_0040;NC_049457.1_CDS_0018;TemPhD_cluster_62958_CDS_0019;TemPhD_cluster_52379_CDS_0032;MGV-GENOME-0205381_CDS_0035;MGV-GENOME-0232811_CDS_0011;TemPhD_cluster_33805_CDS_0023;NC_022750.1_CDS_0017;TemPhD_cluster_52091_CDS_0005;TemPhD_cluster_52382_CDS_0008;TemPhD_cluster_38170_CDS_0007;TemPhD_cluster_52275_CDS_0031;NC_049457.1_CDS_0014;TemPhD_cluster_37825_CDS_0002;TemPhD_cluster_52275_CDS_0017;TemPhD_cluster_37904_CDS_0014	53
TemPhD_cluster_38191	30261	42	42	TemPhD_cluster_33809_CDS_0030;TemPhD_cluster_52018_CDS_0020;uvig_315197_CDS_0035;TemPhD_cluster_51656_CDS_0040;TemPhD_cluster_28372_CDS_0021;MGV-GENOME-0230157_CDS_0003;TemPhD_cluster_28372_CDS_0009;TemPhD_cluster_38190_CDS_0004;TemPhD_cluster_63057_CDS_0001;TemPhD_cluster_15215_CDS_0021;TemPhD_cluster_52379_CDS_0025;TemPhD_cluster_37938_CDS_0036;MGV-GENOME-0227212_CDS_0019;TemPhD_cluster_63038_CDS_0027;MGV-GENOME-0230591_CDS_0008;TemPhD_cluster_9973_CDS_0030;TemPhD_cluster_52382_CDS_0007;SAMN09781779_a1_ct39878_CDS_0016;TemPhD_cluster_52209_CDS_0016;TemPhD_cluster_28372_CDS_0024;TemPhD_cluster_33807_CDS_0027;TemPhD_cluster_51656_CDS_0036;TemPhD_cluster_38170_CDS_0040;TemPhD_cluster_62972_CDS_0030;TemPhD_cluster_52155_CDS_0034;MGV-GENOME-0230591_CDS_0040;NC_049457.1_CDS_0018;TemPhD_cluster_52262_CDS_0026;TemPhD_cluster_62958_CDS_0019;TemPhD_cluster_52379_CDS_0032;MGV-GENOME-0205381_CDS_0035;MGV-GENOME-0232811_CDS_0011;NC_022750.1_CDS_0017;TemPhD_cluster_52091_CDS_0005;TemPhD_cluster_52382_CDS_0008;TemPhD_cluster_38170_CDS_0007;TemPhD_cluster_52091_CDS_0027;TemPhD_cluster_52275_CDS_0031;NC_049457.1_CDS_0014;TemPhD_cluster_37825_CDS_0002;TemPhD_cluster_52275_CDS_0017;TemPhD_cluster_37904_CDS_0014	54
TemPhD_cluster_51929	32707	42	42	TemPhD_cluster_33809_CDS_0030;TemPhD_cluster_52018_CDS_0020;TemPhD_cluster_33807_CDS_0025;uvig_315197_CDS_0035;TemPhD_cluster_28372_CDS_0021;TemPhD_cluster_51656_CDS_0040;NC_049461.1_CDS_0018;TemPhD_cluster_28372_CDS_0009;TemPhD_cluster_63057_CDS_0001;TemPhD_cluster_37938_CDS_0036;MGV-GENOME-0227212_CDS_0019;MGV-GENOME-0230591_CDS_0008;TemPhD_cluster_9973_CDS_0030;TemPhD_cluster_52382_CDS_0007;TemPhD_cluster_33807_CDS_0026;TemPhD_cluster_52112_CDS_0003;SAMN09781779_a1_ct39878_CDS_0016;TemPhD_cluster_52209_CDS_0016;TemPhD_cluster_33807_CDS_0027;TemPhD_cluster_51656_CDS_0036;TemPhD_cluster_52222_CDS_0022;TemPhD_cluster_38170_CDS_0040;TemPhD_cluster_62972_CDS_0030;TemPhD_cluster_52018_CDS_0025;TemPhD_cluster_52155_CDS_0034;MGV-GENOME-0230591_CDS_0040;NC_049457.1_CDS_0018;TemPhD_cluster_62958_CDS_0019;TemPhD_cluster_52379_CDS_0032;TemPhD_cluster_52112_CDS_0002;MGV-GENOME-0232811_CDS_0011;TemPhD_cluster_33805_CDS_0023;MGV-GENOME-0205381_CDS_0035;NC_022750.1_CDS_0017;TemPhD_cluster_52091_CDS_0005;TemPhD_cluster_52382_CDS_0008;TemPhD_cluster_38170_CDS_0007;TemPhD_cluster_52275_CDS_0031;NC_049457.1_CDS_0014;TemPhD_cluster_63038_CDS_0027;TemPhD_cluster_52275_CDS_0017;TemPhD_cluster_37904_CDS_0014	55
TemPhD_cluster_38190	30261	42	42	TemPhD_cluster_38190_CDS_0026;TemPhD_cluster_33809_CDS_0030;TemPhD_cluster_52018_CDS_0020;uvig_315197_CDS_0035;TemPhD_cluster_51656_CDS_0040;TemPhD_cluster_28372_CDS_0021;MGV-GENOME-0230157_CDS_0003;TemPhD_cluster_28372_CDS_0009;TemPhD_cluster_38190_CDS_0004;TemPhD_cluster_63057_CDS_0001;TemPhD_cluster_15215_CDS_0021;TemPhD_cluster_52379_CDS_0025;TemPhD_cluster_37938_CDS_0036;MGV-GENOME-0227212_CDS_0019;TemPhD_cluster_63038_CDS_0027;MGV-GENOME-0230591_CDS_0008;TemPhD_cluster_9973_CDS_0030;TemPhD_cluster_52382_CDS_0007;SAMN09781779_a1_ct39878_CDS_0016;TemPhD_cluster_52209_CDS_0016;TemPhD_cluster_28372_CDS_0024;TemPhD_cluster_33807_CDS_0027;TemPhD_cluster_51656_CDS_0036;TemPhD_cluster_38170_CDS_0040;TemPhD_cluster_62972_CDS_0030;TemPhD_cluster_52155_CDS_0034;MGV-GENOME-0230591_CDS_0040;NC_049457.1_CDS_0018;TemPhD_cluster_62958_CDS_0019;TemPhD_cluster_52379_CDS_0032;MGV-GENOME-0205381_CDS_0035;MGV-GENOME-0232811_CDS_0011;NC_022750.1_CDS_0017;TemPhD_cluster_52091_CDS_0005;TemPhD_cluster_52382_CDS_0008;TemPhD_cluster_38170_CDS_0007;TemPhD_cluster_52091_CDS_0027;TemPhD_cluster_52275_CDS_0031;NC_049457.1_CDS_0014;TemPhD_cluster_37825_CDS_0002;TemPhD_cluster_52275_CDS_0017;TemPhD_cluster_37904_CDS_0014	56
TemPhD_cluster_62992	32510	42	42	TemPhD_cluster_33809_CDS_0030;TemPhD_cluster_52018_CDS_0020;uvig_315197_CDS_0035;TemPhD_cluster_51656_CDS_0040;TemPhD_cluster_28372_CDS_0021;TemPhD_cluster_62992_CDS_0003;TemPhD_cluster_28372_CDS_0009;TemPhD_cluster_62992_CDS_0005;TemPhD_cluster_63057_CDS_0001;TemPhD_cluster_37938_CDS_0036;MGV-GENOME-0227212_CDS_0019;MGV-GENOME-0230591_CDS_0008;TemPhD_cluster_9973_CDS_0030;TemPhD_cluster_52382_CDS_0007;TemPhD_cluster_63057_CDS_0002;SAMN09781779_a1_ct39878_CDS_0016;TemPhD_cluster_52209_CDS_0016;TemPhD_cluster_33807_CDS_0027;TemPhD_cluster_51656_CDS_0036;TemPhD_cluster_52222_CDS_0022;TemPhD_cluster_38170_CDS_0040;TemPhD_cluster_62992_CDS_0006;TemPhD_cluster_62972_CDS_0030;TemPhD_cluster_52155_CDS_0034;MGV-GENOME-0230591_CDS_0040;NC_049457.1_CDS_0018;TemPhD_cluster_62958_CDS_0019;TemPhD_cluster_52379_CDS_0032;MGV-GENOME-0205381_CDS_0035;MGV-GENOME-0232811_CDS_0011;TemPhD_cluster_33805_CDS_0023;TemPhD_cluster_62992_CDS_0004;NC_022750.1_CDS_0017;TemPhD_cluster_52091_CDS_0005;TemPhD_cluster_52382_CDS_0008;TemPhD_cluster_38170_CDS_0007;TemPhD_cluster_52275_CDS_0031;NC_049457.1_CDS_0014;TemPhD_cluster_63038_CDS_0027;TemPhD_cluster_33805_CDS_0024;TemPhD_cluster_52275_CDS_0017;TemPhD_cluster_37904_CDS_0014	57
TemPhD_cluster_62953	32714	42	42	TemPhD_cluster_33809_CDS_0030;TemPhD_cluster_52018_CDS_0020;uvig_315197_CDS_0035;TemPhD_cluster_51656_CDS_0040;TemPhD_cluster_28372_CDS_0021;MGV-GENOME-0230157_CDS_0003;TemPhD_cluster_62953_CDS_0005;TemPhD_cluster_28372_CDS_0009;TemPhD_cluster_63057_CDS_0001;TemPhD_cluster_37938_CDS_0036;MGV-GENOME-0227212_CDS_0019;TemPhD_cluster_63038_CDS_0027;MGV-GENOME-0230591_CDS_0008;TemPhD_cluster_9973_CDS_0030;TemPhD_cluster_52382_CDS_0007;TemPhD_cluster_62953_CDS_0027;SAMN09781779_a1_ct39878_CDS_0016;TemPhD_cluster_52209_CDS_0016;TemPhD_cluster_37825_CDS_0005;TemPhD_cluster_33807_CDS_0027;TemPhD_cluster_51656_CDS_0036;TemPhD_cluster_62953_CDS_0004;TemPhD_cluster_52222_CDS_0022;TemPhD_cluster_38170_CDS_0040;TemPhD_cluster_62972_CDS_0030;TemPhD_cluster_52155_CDS_0034;MGV-GENOME-0230591_CDS_0040;NC_049457.1_CDS_0018;TemPhD_cluster_62958_CDS_0019;TemPhD_cluster_52379_CDS_0032;MGV-GENOME-0205381_CDS_0035;MGV-GENOME-0232811_CDS_0011;TemPhD_cluster_33805_CDS_0023;NC_022750.1_CDS_0017;TemPhD_cluster_52091_CDS_0005;TemPhD_cluster_52382_CDS_0008;TemPhD_cluster_38170_CDS_0007;TemPhD_cluster_52275_CDS_0031;NC_049457.1_CDS_0014;TemPhD_cluster_37825_CDS_0002;TemPhD_cluster_52275_CDS_0017;TemPhD_cluster_37904_CDS_0014	58
MGV-GENOME-0230591	33431	43	43	TemPhD_cluster_33809_CDS_0030;TemPhD_cluster_33725_CDS_0003;TemPhD_cluster_52018_CDS_0020;uvig_315197_CDS_0035;TemPhD_cluster_51656_CDS_0040;TemPhD_cluster_28372_CDS_0021;MGV-GENOME-0230157_CDS_0003;TemPhD_cluster_28372_CDS_0009;TemPhD_cluster_63057_CDS_0001;TemPhD_cluster_37938_CDS_0036;MGV-GENOME-0227212_CDS_0019;TemPhD_cluster_63038_CDS_0027;MGV-GENOME-0230591_CDS_0008;TemPhD_cluster_37904_CDS_0005;MGV-GENOME-0230157_CDS_0004;TemPhD_cluster_52382_CDS_0007;NC_004745.1_CDS_0024;SAMN09781779_a1_ct39878_CDS_0016;TemPhD_cluster_52209_CDS_0016;TemPhD_cluster_33807_CDS_0027;TemPhD_cluster_51656_CDS_0036;TemPhD_cluster_52222_CDS_0022;TemPhD_cluster_38170_CDS_0040;TemPhD_cluster_62972_CDS_0030;MGV-GENOME-0230591_CDS_0033;TemPhD_cluster_52155_CDS_0034;MGV-GENOME-0230591_CDS_0040;NC_049457.1_CDS_0018;TemPhD_cluster_62958_CDS_0019;TemPhD_cluster_52379_CDS_0032;MGV-GENOME-0205381_CDS_0035;MGV-GENOME-0232811_CDS_0011;TemPhD_cluster_33805_CDS_0023;NC_022750.1_CDS_0017;TemPhD_cluster_52091_CDS_0005;TemPhD_cluster_52382_CDS_0008;TemPhD_cluster_38170_CDS_0007;MGV-GENOME-0230591_CDS_0034;TemPhD_cluster_52275_CDS_0031;NC_049457.1_CDS_0014;TemPhD_cluster_37825_CDS_0002;TemPhD_cluster_52275_CDS_0017;TemPhD_cluster_37904_CDS_0014	59
MGV-GENOME-0230157	33348	43	43	TemPhD_cluster_33809_CDS_0030;TemPhD_cluster_33725_CDS_0003;TemPhD_cluster_52018_CDS_0020;uvig_315197_CDS_0035;TemPhD_cluster_51656_CDS_0040;TemPhD_cluster_28372_CDS_0021;MGV-GENOME-0230157_CDS_0003;TemPhD_cluster_28372_CDS_0009;TemPhD_cluster_63057_CDS_0001;TemPhD_cluster_37938_CDS_0036;MGV-GENOME-0227212_CDS_0019;TemPhD_cluster_63038_CDS_0027;TemPhD_cluster_9973_CDS_0030;TemPhD_cluster_37904_CDS_0005;MGV-GENOME-0230157_CDS_0004;TemPhD_cluster_52382_CDS_0007;NC_004745.1_CDS_0024;SAMN09781779_a1_ct39878_CDS_0016;TemPhD_cluster_52209_CDS_0016;TemPhD_cluster_33807_CDS_0027;MGV-GENOME-0230157_CDS_0009;TemPhD_cluster_51656_CDS_0036;TemPhD_cluster_52222_CDS_0022;TemPhD_cluster_38170_CDS_0040;TemPhD_cluster_62972_CDS_0030;TemPhD_cluster_52155_CDS_0034;MGV-GENOME-0230591_CDS_0040;NC_049457.1_CDS_0018;TemPhD_cluster_62958_CDS_0019;TemPhD_cluster_52379_CDS_0032;MGV-GENOME-0205381_CDS_0035;MGV-GENOME-0232811_CDS_0011;TemPhD_cluster_33805_CDS_0023;NC_022750.1_CDS_0017;TemPhD_cluster_52091_CDS_0005;MGV-GENOME-0230157_CDS_0008;TemPhD_cluster_52382_CDS_0008;TemPhD_cluster_38170_CDS_0007;TemPhD_cluster_52275_CDS_0031;NC_049457.1_CDS_0014;TemPhD_cluster_37825_CDS_0002;TemPhD_cluster_52275_CDS_0017;TemPhD_cluster_37904_CDS_0014	60
TemPhD_cluster_52091	31959	43	43	TemPhD_cluster_33809_CDS_0030;TemPhD_cluster_52018_CDS_0020;uvig_315197_CDS_0035;TemPhD_cluster_51656_CDS_0040;TemPhD_cluster_28372_CDS_0021;TemPhD_cluster_51932_CDS_0036;TemPhD_cluster_28372_CDS_0009;TemPhD_cluster_63057_CDS_0001;TemPhD_cluster_15215_CDS_0021;TemPhD_cluster_37938_CDS_0036;MGV-GENOME-0227212_CDS_0019;TemPhD_cluster_63038_CDS_0027;MGV-GENOME-0230591_CDS_0008;TemPhD_cluster_9973_CDS_0030;TemPhD_cluster_52382_CDS_0007;TemPhD_cluster_52091_CDS_0003;SAMN09781779_a1_ct39878_CDS_0016;TemPhD_cluster_52209_CDS_0016;TemPhD_cluster_28372_CDS_0024;TemPhD_cluster_33807_CDS_0027;TemPhD_cluster_51656_CDS_0036;TemPhD_cluster_38170_CDS_0040;TemPhD_cluster_62972_CDS_0030;TemPhD_cluster_52155_CDS_0034;MGV-GENOME-0230591_CDS_0040;NC_049457.1_CDS_0018;TemPhD_cluster_28372_CDS_0022;TemPhD_cluster_62958_CDS_0019;TemPhD_cluster_52262_CDS_0026;TemPhD_cluster_52091_CDS_0004;TemPhD_cluster_52379_CDS_0032;MGV-GENOME-0205381_CDS_0035;MGV-GENOME-0232811_CDS_0011;NC_022750.1_CDS_0017;TemPhD_cluster_52091_CDS_0005;TemPhD_cluster_52382_CDS_0008;TemPhD_cluster_38170_CDS_0007;TemPhD_cluster_52091_CDS_0027;TemPhD_cluster_52275_CDS_0031;NC_049457.1_CDS_0014;TemPhD_cluster_52091_CDS_0002;TemPhD_cluster_52275_CDS_0017;TemPhD_cluster_37904_CDS_0014	61
TemPhD_cluster_62972	32643	43	43	TemPhD_cluster_33809_CDS_0030;TemPhD_cluster_52018_CDS_0020;TemPhD_cluster_33807_CDS_0025;uvig_315197_CDS_0035;SAMN09781779_a1_ct39878_CDS_0021;TemPhD_cluster_28372_CDS_0021;TemPhD_cluster_51656_CDS_0040;TemPhD_cluster_28372_CDS_0009;TemPhD_cluster_63057_CDS_0001;TemPhD_cluster_37938_CDS_0036;MGV-GENOME-0227212_CDS_0019;TemPhD_cluster_63038_CDS_0027;MGV-GENOME-0230591_CDS_0008;TemPhD_cluster_9973_CDS_0030;TemPhD_cluster_52382_CDS_0007;TemPhD_cluster_33807_CDS_0026;SAMN09781779_a1_ct39878_CDS_0016;TemPhD_cluster_52209_CDS_0016;TemPhD_cluster_9963_CDS_0003;TemPhD_cluster_33807_CDS_0027;TemPhD_cluster_51656_CDS_0036;TemPhD_cluster_52222_CDS_0022;TemPhD_cluster_38170_CDS_0040;TemPhD_cluster_62972_CDS_0030;TemPhD_cluster_52018_CDS_0025;TemPhD_cluster_52155_CDS_0034;MGV-GENOME-0230591_CDS_0040;NC_049457.1_CDS_0018;TemPhD_cluster_62958_CDS_0019;TemPhD_cluster_52379_CDS_0032;MGV-GENOME-0205381_CDS_0035;MGV-GENOME-0232811_CDS_0011;TemPhD_cluster_33805_CDS_0023;NC_022750.1_CDS_0017;TemPhD_cluster_52091_CDS_0005;TemPhD_cluster_9963_CDS_0004;TemPhD_cluster_52382_CDS_0008;TemPhD_cluster_38170_CDS_0007;TemPhD_cluster_52275_CDS_0031;NC_049457.1_CDS_0014;TemPhD_cluster_37825_CDS_0002;TemPhD_cluster_52275_CDS_0017;TemPhD_cluster_37904_CDS_0014	62
TemPhD_cluster_52379	30679	43	43	TemPhD_cluster_28392_CDS_0004;TemPhD_cluster_33809_CDS_0030;TemPhD_cluster_52018_CDS_0020;uvig_315197_CDS_0035;TemPhD_cluster_51656_CDS_0040;TemPhD_cluster_28372_CDS_0021;TemPhD_cluster_28372_CDS_0009;TemPhD_cluster_63057_CDS_0001;TemPhD_cluster_52379_CDS_0025;TemPhD_cluster_37938_CDS_0036;MGV-GENOME-0227212_CDS_0019;TemPhD_cluster_63038_CDS_0027;MGV-GENOME-0230591_CDS_0008;TemPhD_cluster_52379_CDS_0002;TemPhD_cluster_9973_CDS_0030;TemPhD_cluster_52382_CDS_0007;TemPhD_cluster_52379_CDS_0027;SAMN09781779_a1_ct39878_CDS_0016;TemPhD_cluster_52209_CDS_0016;TemPhD_cluster_33807_CDS_0027;TemPhD_cluster_28392_CDS_0005;TemPhD_cluster_51656_CDS_0036;TemPhD_cluster_38170_CDS_0040;TemPhD_cluster_62972_CDS_0030;TemPhD_cluster_52155_CDS_0034;MGV-GENOME-0230591_CDS_0040;NC_049457.1_CDS_0018;TemPhD_cluster_62958_CDS_0019;TemPhD_cluster_28392_CDS_0003;TemPhD_cluster_52379_CDS_0032;MGV-GENOME-0205381_CDS_0035;MGV-GENOME-0232811_CDS_0011;NC_022750.1_CDS_0017;TemPhD_cluster_52091_CDS_0005;TemPhD_cluster_52382_CDS_0008;TemPhD_cluster_38170_CDS_0007;TemPhD_cluster_52091_CDS_0027;MGV-GENOME-0216186_CDS_0004;TemPhD_cluster_52275_CDS_0031;NC_049457.1_CDS_0014;TemPhD_cluster_15215_CDS_0021;TemPhD_cluster_52275_CDS_0017;TemPhD_cluster_37904_CDS_0014	63
TemPhD_cluster_20685	31961	43	43	TemPhD_cluster_33809_CDS_0030;TemPhD_cluster_52018_CDS_0020;TemPhD_cluster_33807_CDS_0025;uvig_315197_CDS_0035;SAMN09781779_a1_ct39878_CDS_0021;TemPhD_cluster_28372_CDS_0021;TemPhD_cluster_51656_CDS_0040;TemPhD_cluster_52155_CDS_0002;TemPhD_cluster_51932_CDS_0036;TemPhD_cluster_28372_CDS_0009;TemPhD_cluster_63057_CDS_0001;TemPhD_cluster_37938_CDS_0036;MGV-GENOME-0227212_CDS_0019;MGV-GENOME-0230591_CDS_0008;TemPhD_cluster_9973_CDS_0030;TemPhD_cluster_52382_CDS_0007;TemPhD_cluster_33807_CDS_0026;SAMN09781779_a1_ct39878_CDS_0016;TemPhD_cluster_52209_CDS_0016;TemPhD_cluster_33807_CDS_0027;TemPhD_cluster_51656_CDS_0036;TemPhD_cluster_52222_CDS_0022;TemPhD_cluster_38170_CDS_0040;TemPhD_cluster_62972_CDS_0030;TemPhD_cluster_52018_CDS_0025;TemPhD_cluster_52155_CDS_0003;TemPhD_cluster_52155_CDS_0034;MGV-GENOME-0230591_CDS_0040;NC_049457.1_CDS_0018;TemPhD_cluster_62958_CDS_0019;TemPhD_cluster_52379_CDS_0032;MGV-GENOME-0205381_CDS_0035;MGV-GENOME-0232811_CDS_0011;TemPhD_cluster_33805_CDS_0023;NC_022750.1_CDS_0017;TemPhD_cluster_52091_CDS_0005;TemPhD_cluster_52382_CDS_0008;TemPhD_cluster_38170_CDS_0007;TemPhD_cluster_52275_CDS_0031;NC_049457.1_CDS_0014;TemPhD_cluster_63038_CDS_0027;TemPhD_cluster_52275_CDS_0017;TemPhD_cluster_37904_CDS_0014	64
NC_022750.1	33628	43	43	TemPhD_cluster_33809_CDS_0030;TemPhD_cluster_52018_CDS_0020;uvig_315197_CDS_0035;TemPhD_cluster_51656_CDS_0040;TemPhD_cluster_28372_CDS_0021;TemPhD_cluster_51932_CDS_0036;NC_022750.1_CDS_0025;NC_022750.1_CDS_0002;TemPhD_cluster_28372_CDS_0009;NC_022750.1_CDS_0003;NC_022750.1_CDS_0037;TemPhD_cluster_63057_CDS_0001;MGV-GENOME-0227212_CDS_0019;MGV-GENOME-0230591_CDS_0008;TemPhD_cluster_9973_CDS_0030;TemPhD_cluster_52382_CDS_0007;SAMN09781779_a1_ct39878_CDS_0016;TemPhD_cluster_52209_CDS_0016;TemPhD_cluster_33807_CDS_0027;TemPhD_cluster_51656_CDS_0036;NC_022750.1_CDS_0036;TemPhD_cluster_52222_CDS_0022;TemPhD_cluster_38170_CDS_0040;TemPhD_cluster_62972_CDS_0030;TemPhD_cluster_52155_CDS_0034;MGV-GENOME-0230591_CDS_0040;NC_049457.1_CDS_0018;TemPhD_cluster_62958_CDS_0019;TemPhD_cluster_52379_CDS_0032;MGV-GENOME-0205381_CDS_0035;MGV-GENOME-0232811_CDS_0011;TemPhD_cluster_33805_CDS_0023;NC_022750.1_CDS_0017;TemPhD_cluster_52091_CDS_0005;NC_022750.1_CDS_0035;TemPhD_cluster_52382_CDS_0008;TemPhD_cluster_38170_CDS_0007;TemPhD_cluster_52275_CDS_0031;NC_049457.1_CDS_0014;TemPhD_cluster_63038_CDS_0027;TemPhD_cluster_52275_CDS_0017;NC_022750.1_CDS_0004;TemPhD_cluster_37904_CDS_0014	65
SAMN09781779_a1_ct39878	33547	43	43	TemPhD_cluster_33809_CDS_0030;TemPhD_cluster_52018_CDS_0020;uvig_315197_CDS_0035;TemPhD_cluster_51656_CDS_0040;SAMN09781779_a1_ct39878_CDS_0021;TemPhD_cluster_28372_CDS_0021;MGV-GENOME-0230157_CDS_0003;TemPhD_cluster_28372_CDS_0009;TemPhD_cluster_63057_CDS_0001;TemPhD_cluster_37938_CDS_0036;MGV-GENOME-0227212_CDS_0019;TemPhD_cluster_63038_CDS_0027;MGV-GENOME-0230591_CDS_0008;TemPhD_cluster_9973_CDS_0030;TemPhD_cluster_37904_CDS_0005;TemPhD_cluster_37904_CDS_0004;MGV-GENOME-0230157_CDS_0004;TemPhD_cluster_52382_CDS_0007;TemPhD_cluster_62953_CDS_0027;SAMN09781779_a1_ct39878_CDS_0016;TemPhD_cluster_52209_CDS_0016;TemPhD_cluster_33807_CDS_0027;TemPhD_cluster_51656_CDS_0036;TemPhD_cluster_52222_CDS_0022;TemPhD_cluster_38170_CDS_0040;TemPhD_cluster_62972_CDS_0030;TemPhD_cluster_52155_CDS_0034;MGV-GENOME-0230591_CDS_0040;NC_049457.1_CDS_0018;TemPhD_cluster_62958_CDS_0019;TemPhD_cluster_52379_CDS_0032;MGV-GENOME-0205381_CDS_0035;MGV-GENOME-0232811_CDS_0011;TemPhD_cluster_33805_CDS_0023;NC_022750.1_CDS_0017;TemPhD_cluster_52091_CDS_0005;TemPhD_cluster_52382_CDS_0008;TemPhD_cluster_38170_CDS_0007;TemPhD_cluster_52275_CDS_0031;NC_049457.1_CDS_0014;TemPhD_cluster_37825_CDS_0002;TemPhD_cluster_52275_CDS_0017;TemPhD_cluster_37904_CDS_0014	66
TemPhD_cluster_62779	33479	44	44	TemPhD_cluster_33809_CDS_0030;TemPhD_cluster_52018_CDS_0020;TemPhD_cluster_33807_CDS_0025;uvig_315197_CDS_0035;TemPhD_cluster_28372_CDS_0021;TemPhD_cluster_51656_CDS_0040;TemPhD_cluster_28372_CDS_0009;TemPhD_cluster_62779_CDS_0004;TemPhD_cluster_63057_CDS_0001;TemPhD_cluster_37938_CDS_0036;MGV-GENOME-0227212_CDS_0019;MGV-GENOME-0230591_CDS_0008;TemPhD_cluster_9973_CDS_0030;TemPhD_cluster_52382_CDS_0007;TemPhD_cluster_33807_CDS_0026;TemPhD_cluster_62779_CDS_0002;SAMN09781779_a1_ct39878_CDS_0016;TemPhD_cluster_52209_CDS_0016;TemPhD_cluster_33807_CDS_0027;TemPhD_cluster_51656_CDS_0036;TemPhD_cluster_52222_CDS_0022;TemPhD_cluster_38170_CDS_0040;TemPhD_cluster_62779_CDS_0005;TemPhD_cluster_62972_CDS_0030;TemPhD_cluster_52018_CDS_0025;TemPhD_cluster_52155_CDS_0034;MGV-GENOME-0230591_CDS_0040;NC_049457.1_CDS_0018;TemPhD_cluster_62958_CDS_0019;TemPhD_cluster_52379_CDS_0032;MGV-GENOME-0205381_CDS_0035;MGV-GENOME-0232811_CDS_0011;TemPhD_cluster_33805_CDS_0023;NC_022750.1_CDS_0017;TemPhD_cluster_52091_CDS_0005;TemPhD_cluster_62779_CDS_0003;TemPhD_cluster_52382_CDS_0008;TemPhD_cluster_62779_CDS_0006;TemPhD_cluster_38170_CDS_0007;TemPhD_cluster_52275_CDS_0031;NC_049457.1_CDS_0014;TemPhD_cluster_63038_CDS_0027;TemPhD_cluster_52275_CDS_0017;TemPhD_cluster_37904_CDS_0014	67
NC_049457.1	33807	45	45	TemPhD_cluster_33809_CDS_0030;TemPhD_cluster_33725_CDS_0003;TemPhD_cluster_52018_CDS_0020;uvig_315197_CDS_0035;TemPhD_cluster_51656_CDS_0040;SAMN09781779_a1_ct39878_CDS_0021;TemPhD_cluster_28372_CDS_0021;TemPhD_cluster_51932_CDS_0036;MGV-GENOME-0230157_CDS_0003;TemPhD_cluster_28372_CDS_0009;TemPhD_cluster_63057_CDS_0001;TemPhD_cluster_37938_CDS_0036;MGV-GENOME-0227212_CDS_0019;TemPhD_cluster_63038_CDS_0027;MGV-GENOME-0230591_CDS_0008;TemPhD_cluster_9973_CDS_0030;TemPhD_cluster_37904_CDS_0005;MGV-GENOME-0230157_CDS_0004;SAMN09781779_a1_ct39878_CDS_0016;TemPhD_cluster_52209_CDS_0016;TemPhD_cluster_33807_CDS_0027;TemPhD_cluster_51656_CDS_0036;TemPhD_cluster_52222_CDS_0022;TemPhD_cluster_38170_CDS_0040;NC_049457.1_CDS_0011;TemPhD_cluster_62972_CDS_0030;TemPhD_cluster_52155_CDS_0034;MGV-GENOME-0230591_CDS_0040;NC_049457.1_CDS_0010;NC_049457.1_CDS_0018;TemPhD_cluster_62958_CDS_0019;TemPhD_cluster_52379_CDS_0032;MGV-GENOME-0205381_CDS_0035;MGV-GENOME-0232811_CDS_0011;TemPhD_cluster_33805_CDS_0023;NC_022750.1_CDS_0017;TemPhD_cluster_52091_CDS_0005;TemPhD_cluster_52382_CDS_0008;TemPhD_cluster_38170_CDS_0007;TemPhD_cluster_52275_CDS_0031;NC_049457.1_CDS_0014;TemPhD_cluster_37825_CDS_0002;TemPhD_cluster_52275_CDS_0017;NC_049457.1_CDS_0029;TemPhD_cluster_37904_CDS_0014	68
TemPhD_cluster_28392	31217	47	47	TemPhD_cluster_28392_CDS_0004;TemPhD_cluster_38190_CDS_0026;TemPhD_cluster_28392_CDS_0007;TemPhD_cluster_52018_CDS_0020;uvig_315197_CDS_0035;TemPhD_cluster_28392_CDS_0002;TemPhD_cluster_28372_CDS_0021;TemPhD_cluster_51656_CDS_0040;TemPhD_cluster_51932_CDS_0036;TemPhD_cluster_28372_CDS_0009;TemPhD_cluster_63057_CDS_0001;TemPhD_cluster_52379_CDS_0025;TemPhD_cluster_28392_CDS_0035;TemPhD_cluster_37938_CDS_0036;MGV-GENOME-0227212_CDS_0019;TemPhD_cluster_63038_CDS_0027;MGV-GENOME-0230591_CDS_0008;TemPhD_cluster_9973_CDS_0030;TemPhD_cluster_52382_CDS_0007;SAMN09781779_a1_ct39878_CDS_0016;TemPhD_cluster_52209_CDS_0016;TemPhD_cluster_28372_CDS_0024;TemPhD_cluster_33807_CDS_0027;TemPhD_cluster_28392_CDS_0005;TemPhD_cluster_51656_CDS_0036;TemPhD_cluster_38170_CDS_0040;TemPhD_cluster_62972_CDS_0030;TemPhD_cluster_52155_CDS_0034;MGV-GENOME-0230591_CDS_0040;NC_049457.1_CDS_0018;TemPhD_cluster_62958_CDS_0019;TemPhD_cluster_28392_CDS_0003;TemPhD_cluster_52379_CDS_0032;MGV-GENOME-0205381_CDS_0035;MGV-GENOME-0232811_CDS_0011;TemPhD_cluster_28392_CDS_0036;NC_022750.1_CDS_0017;TemPhD_cluster_52091_CDS_0005;TemPhD_cluster_52382_CDS_0008;TemPhD_cluster_38170_CDS_0007;TemPhD_cluster_52091_CDS_0027;MGV-GENOME-0216186_CDS_0004;TemPhD_cluster_52275_CDS_0031;NC_049457.1_CDS_0014;TemPhD_cluster_15215_CDS_0021;TemPhD_cluster_52275_CDS_0017;TemPhD_cluster_37904_CDS_0014	69
