id,alias,type,format,bounds,values,map to,comment
1,id,int,object id,,"[1,4383]",objects,
2,x,float,units,,,,
3,y,float,units,,,,
4,flip_x,bool,,,"[0,1]",,
5,flip_y,bool,,,"[0,1]",,
6,rotation,float,degrees,,"[0,360)",,
7,trigger.color.red,int,,,"[0,255]",,
7,trigger.pulse.red,int,,,"[0,255]",,
8,trigger.color.green,int,,,"[0,255]",,
8,trigger.pulse.green,int,,,"[0,255]",,
9,trigger.color.blue,int,,,"[0,255]",,
9,trigger.pulse.blue,int,,,"[0,255]",,
10,trigger.move.duration,float,seconds,,,,
10,trigger.alpha.duration,float,seconds,,,,
10,trigger.rotate.duration,float,seconds,,,,
10,trigger.follow.duration,float,seconds,,,,
10,trigger.shake.duration,float,seconds,,,,
10,trigger.follow_player_y.duration,float,seconds,,,,
10,trigger.collision._10,float,#N/A,,,,
10,trigger.zoom_camera.duration,float,seconds,,,,
10,trigger.song.duration,float,seconds,,,,
10,trigger.rotate_camera.duration,float,seconds,,,,
10,trigger.scale.duration,float,seconds,,,,
10,trigger.color.duration,float,seconds,,,,
10,trigger.mg_edit.duration,float,seconds,,,,
10,trigger.effect.duration,float,seconds,,,,
10,trigger.keyframe.duration,float,seconds,,,,
10,trigger.sfx.duration,float,seconds,,,,
10,trigger.bpm.duration,float,seconds,,,,
10,trigger.random.chance,float,percent,,,,percent chance of random trigger
10,trigger.shader.fade_time,float,,,,,
11,trigger.touch_triggered,bool,,,,,
12,trigger.collectible.coin.coin_id,int,coin id,,,,"official secret coin id, not used by user coins"
13,trigger.editor_preview,bool,,,,,
14,trigger.color.tint_ground,bool,,,,,legacy color trigger option
15,trigger.color.player_1,bool,,,,,
16,trigger.color.player_2,bool,,,,,
17,trigger.color.blending,bool,,,,,
18,,,,,,,
19,old_color_id,int,,,"[0, 8]",old_colors,"1.9 and below color channel ID, converted automatically to new color ids"
20,editor_l1,int,,,,,
21,color_1,int,color id,,,colors,
22,color_2,int,color id,,,colors,
23,trigger.color.channel,int,color id,,,colors,
24,z_layer,int,,,,z_layers,
25,z_order,int,,,,,
26,,,,,,,
27,,,,,,,
28,trigger.move.move_x,float,units,,,,
28,trigger.offset_camera.offset_x,float,units,,,,
28,trigger.camera_guide.offset_x,float,units,,,,
28,trigger.gameplay_offset.offset_x,float,units,,,,
29,trigger.move.move_y,float,units,,,,
29,trigger.offset_camera.offset_y,float,units,,,,
29,trigger.camera_guide.offset_y,float,units,,,,
29,trigger.gameplay_offset.offset_y,float,units,,,,
29,trigger.mg_edit.offset_y,float,units,,,,
30,trigger.move.easing,int,,,"[0, 18]",easing,
30,trigger.rotate.easing,int,,,"[0, 18]",easing,
30,trigger.zoom_camera.easing,int,,,"[0, 18]",easing,
30,trigger.static_camera.easing,int,,,"[0, 18]",easing,
30,trigger.offset_camera.easing,int,,,"[0, 18]",easing,
30,trigger.rotate_camera.easing,int,,,"[0, 18]",easing,
30,trigger.scale.easing,int,,,"[0, 18]",easing,
30,trigger.mg_edit.easing,int,,,"[0, 18]",easing,
30,trigger.keyframe.easing,int,,,"[0, 18]",easing,
30,trigger.shader.easing,int,,,"[0, 18]",easing,
31,text.data,string,base64,,,,
32,old_scale,float,,,,,"old scale property, automatically replaced by scale_X and scale_Y"
33,,,,,,,
34,group_parent,bool,,,,,
35,trigger.color.opacity,float,,,,,
35,trigger.alpha.opacity,float,,,,,
36,trigger.interactible,bool,,,,,"found on triggers, portals, pickups, anything that seems to trigger a secondary action on touch"
37,,,,,,,
38,,,,,,,
39,,,,,,,
40,,,,,,,
41,hsv_enabled_1,bool,,,,,whether the object has any hsv changes on color 1
42,hsv_enabled_2,bool,,,,,whether the object has any hsv changes on color 2
43,hsv_1,string,hsv,,,,
44,hsv_2,string,hsv,,,,
45,trigger.pulse.fade_in,float,seconds,,,,pulse fade in duration
46,trigger.pulse.hold,float,seconds,,,,pulse hold duration
47,trigger.pulse.fade_out,float,seconds,,,,pulse fade out duration
48,trigger.pulse.use_hsv,bool,,,,,color / hsv selector
49,trigger.pulse.hsv,string,hsv,,,,color HSV options
49,trigger.color.hsv,string,hsv,,,,
49,trigger.effect.hsv,string,hsv,,,,
50,trigger.pulse.copy_id,int,color id,,,colors,the channel id of the copied color
50,trigger.color.copy_id,int,color id,,,colors,the channel id of the copied color
51,trigger.move.target_id,int,group id,,,,
51,trigger.pulse.target_id,int,"color id, group id",,,,
51,trigger.alpha.group_id,int,group id,,,,
51,trigger.toggle.group_id,int,group id,,,,
51,trigger.toggle_block.group_id,int,group id,,,,
51,trigger.on_death.group_id,int,group id,,,,
51,trigger.spawn.group_id,int,group id,,,,
51,trigger.teleport.target_id,int,group id,,,,
51,trigger.collectible.group_id,int,group id,,,,
51,trigger.song.group_id_1,int,group id,,,,
51,trigger.sfx.group_id_1,int,group id,,,,
51,trigger.rotate.target_id,int,group id,,,,
51,trigger.follow.target_id,int,group id,,,,
51,trigger.animate.target_id,int,group id,,,,
51,trigger.touch.group_id,int,group id,,,,
51,trigger.count.target_id,int,group id,,,,
51,trigger.stop.target_id,int,"group id, control id",,,,
51,trigger.instant_count.target_id,int,group id,,,,
51,trigger.follow_player_y.target_id,int,group id,,,,
51,trigger.collision.target_id,int,group id,,,,
51,trigger.random.true_id,int,group id,,,,
51,trigger.end_wall.group_id,int,group id,,,,
51,trigger.camera_edge.target_id,int,group id,,,,
51,trigger.checkpoint.spawn_id,int,group id,,,,
51,trigger.scale.target_id,int,group id,,,,
51,trigger.effect.target_id,int,"group id, effect id",,,,
51,trigger.adv_follow.target_id,int,group id,,,,
51,trigger.keyframe.group_id,int,group id,,,,
51,trigger.animate_keyframe.target_id,int,group id,,,,
51,trigger.end.spawn_id,int,group id,,,,
51,trigger.event.spawn_id,int,group id,,,,
51,trigger.spawn_particle.particle_group,int,group id,,,,duplicated
51,trigger.instant_collision.true_id,int,group id,,,,
51,trigger.ui.group_id,int,group id,,,,
51,trigger.time.target_id,int,group id,,,,
51,trigger.time_event.target_id,int,group id,,,,
51,trigger.reset.group_id,int,group id,,,,
51,trigger.object_control.target_id,int,group id,,,,
51,trigger.link_visible.group_id,int,group id,,,,
51,trigger.item_edit.target_item_id,int,item id,,,,
51,trigger.item_compare.true_id,int,group id,,,,
51,trigger.state_block.state_on,int,group id,,,,
51,trigger.edit_adv_follow.target_id,int,"group id, control id",,,,
51,trigger.shader.shockwave_center_id,int,group id,,,,
51,trigger.shader.shockline_center_id,int,group id,,,,
51,trigger.shader.lens_circle_center_id,int,group id,,,,
51,trigger.shader.radial_blur_center_id,int,group id,,,,
51,trigger.shader.motion_blur_center_id,int,group id,,,,
51,trigger.shader.bulge_center_id,int,group id,,,,
51,trigger.shader.pinch_center_id,int,group id,,,,
51,trigger.shader.gray_scale_tint_channel,int,color id,,,,
52,trigger.pulse.target_type,int,,,,,channel / group pulse option
53,,,,,,,
54,trigger.teleport.portal.distance,float,units,,,,"y distance between teleport portal entrance and end position, in units"
55,trigger.teleport.smooth_ease,bool,,,,,
56,trigger.toggle.activate_group,bool,,,,,
56,trigger.toggle_block.activate_group,bool,,,,,
56,trigger.on_death.activate_group,bool,,,,,
56,trigger.count.activate_group,bool,,,,,
56,trigger.instant_count.activate_group,bool,,,,,
56,trigger.collision.activate_group,bool,,,,,
56,trigger.adv_random._56,bool,#N/A,,,,
57,groups,string,groups,,,,
58,trigger.move.lock_player_x,bool,,,,,
58,trigger.player_control._58,bool,#N/A,,,,
58,trigger.gameplay_offset.dont_zoom_x,bool,,,,,
59,trigger.move.lock_player_y,bool,,,,,
59,trigger.end_wall.lock_y,bool,,,,,
59,trigger.player_control._59,bool,#N/A,,,,
59,trigger.gameplay_offset.dont_zoom_y,bool,,,,,
60,trigger.color.copy_opacity,bool,,,,,
61,editor_l2,int,,,,,
62,trigger.spawn_triggered,bool,,,,,
63,trigger.spawn.duration,float,,,,,
64,dont_fade,bool,,,,,
65,trigger.pulse.main_only,bool,,,,,
65,trigger.effect.main_only,bool,,,,,
66,trigger.pulse.detail_only,bool,,,,,
66,trigger.effect.detail_only,bool,,,,,
67,dont_enter,bool,,,,,
68,trigger.rotate.degrees,float,,,,,
68,trigger.rotate_camera.degrees,float,,,,,
69,trigger.rotate.full,int,,,,,
70,trigger.rotate.lock_rotation,bool,,,,,
70,trigger.rotate_camera.add,bool,,,,,
71,trigger.move.target_pos,int,group id,,,,
71,trigger.rotate.rotate_target,int,group id,,,,
71,trigger.follow.follow_target,int,group id,,,,
71,trigger.random.false_id,int,group id,,,,
71,trigger.static_camera.target_id,int,group id,,,,
71,trigger.song.group_id_2,int,group id,,,,
71,trigger.sfx.group_id_2,int,group id,,,,
71,trigger.checkpoint.target_pos,int,group id,,,,
71,trigger.scale.center_id,int,group id,,,,
71,trigger.effect.center_id,int,group id,,,,
71,trigger.adv_follow.follow_id,int,group id,,,,
71,trigger.keyframe.spawn_id,int,group id,,,,
71,trigger.animate_keyframe.parent_id,int,group id,,,,
71,trigger.end.target_pos,int,group id,,,,
71,trigger.spawn_particle.position_group,int,group id,,,,
71,trigger.instant_collision.false_id,int,group id,,,,
71,trigger.ui.ui_target,int,group id,,,,
71,trigger.item_compare.false_id,int,group id,,,,
71,trigger.state_block.state_off,int,group id,,,,
71,trigger.edit_adv_follow.follow_id,int,group id,,,,
71,trigger.shader.lens_circle_tint_channel,int,color id,,,,
71,trigger.shader.radial_blur_ref_channel,int,color id,,,,
71,trigger.shader.motion_blur_ref_channel,int,color id,,,,
72,trigger.follow.mod_x,float,,,,,
73,trigger.follow.mod_y,float,,,,,
74,,,,,,,
75,trigger.shake.strength,float,,,,,
76,trigger.animate.animation_id,int,animation id,,,,
76,trigger.animate_keyframe.animation_id,int,group id,,,,
77,trigger.count.count,int,,,,,
77,trigger.instant_count.count,int,,,,,
77,trigger.pickup.count,int,,,,,
78,trigger.collectible.sub_count,bool,,,,,
79,,,,,,,
80,trigger.count.item_id,int,item id,,,,
80,item_label.item_id,int,item id,,,,
80,trigger.instant_count.item_id,int,item id,,,,
80,trigger.collision.block_a,int,collision id,,,,
80,trigger.pickup.item_id,int,item id,,,,
80,trigger.instant_collision.block_a,int,collision id,,,,
80,trigger.time.item_id,int,item id,,,,
80,trigger.time_event.item_id,int,item id,,,,
80,trigger.time_control.item_id,int,item id,,,,
80,trigger.item_edit.item_id_1,int,item id,,,,
80,trigger.item_compare.item_id_1,int,item id,,,,
80,trigger.item_persist.item_id,int,item id,,,,
80,trigger.collectible.item_id,int,item id,,,,
80,trigger.collision_block.block_id,int,collision id,,,,
81,trigger.touch.hold_mode,bool,,,,,
82,trigger.touch.toggle_mode,int,,,"[0, 2]","0: flip, 1: on, 2:off",
83,,,,,,,
84,trigger.shake.interval,float,,,,,
85,trigger.move.ease_rate,float,,,,,
85,trigger.rotate.ease_rate,float,,,,,
85,trigger.zoom_camera.ease_rate,float,,,,,
85,trigger.static_camera.ease_rate,float,,,,,
85,trigger.offset_camera.ease_rate,float,,,,,
85,trigger.rotate_camera.ease_rate,float,,,,,
85,trigger.scale.ease_rate,float,,,,,
85,trigger.mg_edit.ease_rate,float,,,,,
85,trigger.keyframe.ease_rate,float,,,,,
85,trigger.shader.ease_rate,float,,,,,
86,trigger.pulse.exclusive,bool,,,,,
87,trigger.multi_trigger,bool,,,,,
88,trigger.instant_count.mode,int,,,"[0, 2]","0:equal, 1:larger, 2:smaller",
88,trigger.pickup.mode,int,,,"[0, 2]","0: add, 1: multiply, 2: divide",
89,trigger.touch.dual_mode,bool,,,,,
90,trigger.follow_player_y.speed,float,,,,,
91,trigger.follow_player_y.delay,float,seconds,,,,
92,trigger.follow_player_y.offset,int,,,,,
93,trigger.collision.exit,bool,,,,,
94,trigger.collision_block.dynamic,bool,,,,,
95,trigger.collision.block_b,int,collision id,,,,
95,trigger.instant_collision.block_b,int,collision id,,,,
95,trigger.item_edit.item_id_2,int,item id,,,,
95,trigger.item_compare.item_id_2,int,item id,,,,
96,no_glow,bool,,,,,
97,saw.rotation_speed,float,,,,,
97,trigger.orb_saw.rotation_speed,float,,,,,
98,saw.disable_rotation,bool,,,,,
98,trigger.orb_saw.disable.rotation,bool,,,,,
99,trigger.multi_activate,bool,,,,,
100,trigger.move.target_mode,bool,,,,,
100,trigger.rotate.aim_mode,bool,,,,,
101,trigger.move.target_axis,int,,,"[0, 2]","none, x, y",
101,trigger.static.axis,int,,,"[0, 2]","none, x, y",
101,trigger.offset_camera.axis,int,,,"[0, 2]","none, x, y",
101,trigger.offset_gameplay.axis,int,,,"[0, 2]","none, x, y",
102,trigger.spawn.disable_preview,bool,,,,,
103,high_detail,bool,,,,,
104,trigger.count.multi_activate,bool,,,,,
105,trigger.follow_player_y.max_speed,float,,,,,
106,animated.randomize_start,bool,,,,,
107,animated.animation_speed,float,,,,,
108,linked_group,int,link id,,,,
109,,,,,,,???
110,trigger.static_camera.exit,bool,,,,,
111,trigger.gamemode_portal.free_mode,bool,,,,,
111,trigger.camera_mode.free_mode,bool,,,,,
112,trigger.gamemode_portal.edit_settings,bool,,,,,
112,trigger.camera_mode.edit_settings,bool,,,,,
113,trigger.gamemode_portal.easing,float,,,,,
113,trigger.camera_mode.easing,float,,,,,
114,trigger.gamemode_portal.padding,float,,,,,
114,trigger.camera_mode.padding,float,,,,,
115,trigger.order,int,,,,,
116,no_effects,bool,,,,,
117,trigger.reverse,bool,,,,,
118,trigger.end_wall.reverse,bool,,,,,
119,,,,,,,???
120,timewarp.mod,float,,,,,
121,no_touch,bool,,,,,
122,animated.use_speed,bool,,,,,
123,animated.animate_on_trigger,bool,,,,,
124,,,,,,,
125,,,,,,,
126,animated.delayed_loop,bool,,,,,
127,animated.explosion.disable_shine,bool,,,,,
128,scale_x,float,,,,,
129,scale_y,float,,,,,
130,,,,,,,
131,skew_x,float,,,,,
132,skew_y,float,,,,,
133,trigger.scale.only_move,bool,,,,,
134,passable,bool,,,,,
135,hide,bool,,,,,
136,nonstick_x,bool,,,,,
137,ice_block,bool,,,,,
138,trigger.move.player_1,bool,,,,,
138,trigger.rotate.player_1,bool,,,,,
138,trigger.collision.player_1,bool,,,,,
138,trigger.player_control.player_1,bool,,,,,
138,trigger.song.player_1,bool,,,,,
138,trigger.checkpoint.player_pos,bool,,,,,
138,trigger.gravity.player_1,bool,,,,,
138,trigger.effect._138,bool,#N/A,,,,
138,trigger.adv_follow.player_1,bool,,,,,
138,trigger.sfx.player_1,bool,,,,,
138,trigger.instant_collision.player_1,bool,,,,,
138,trigger.edit_adv_follow.player_1,bool,,,,,
138,trigger.shader.shockwave_player_1,bool,,,,,
138,trigger.shader.shockline_player_1,bool,,,,,
138,trigger.shader.lens_circle_player_1,bool,,,,,
138,trigger.shader.radial_blur_player_1,bool,,,,,
138,trigger.shader.motion_blur_player_1,bool,,,,,
138,trigger.shader.bulge_player_1,bool,,,,,
138,trigger.shader.pinch_player_1,bool,,,,,
139,trigger.pickup.override,bool,,,,,
140,,,,,,,
141,trigger.player_control._141,bool,#N/A,,,,
141,trigger.move.lock_camera_x,bool,,,,,
142,trigger.move.lock_camera_y,bool,,,,,
143,trigger.move.follow_x_mod,float,,,,,
143,trigger.bg_speed.x_mod,float,,,,,
143,trigger.mg_speed.x_mod,float,,,,,
144,trigger.move.follow_y_mod,float,,,,,
144,trigger.bg_speed.y_mod,float,,,,,
144,trigger.mg_speed.y_mod,float,,,,,
145,particle.data,string,particle,,,,
146,particle.use_obj_color,bool,,,,,
147,particle.uniform_obj_color,bool,,,,,
148,trigger.gravity.value,float,,,,,
149,trigger.force_block.value,float,,,,,
150,trigger.scale.scale_by_x,float,,,,,
151,trigger.scale.scale_by_y,float,,,,,
152,trigger.adv_random.targets,string,group weights,,,,
153,trigger.scale.div_by_x,bool,,,,,
154,trigger.scale.div_by_y,bool,,,,,
155,color_1_index,int,,,,,the game takes each object's color id in order and assigns an unique index to it if it hasn't been seen on the same spritesheet yet
156,color_2_index,int,,,,,the game takes each object's color id in order and assigns an unique index to it if it hasn't been seen on the same spritesheet yet
157,template.reference_only,bool,,,,,
158,,,,,,,
159,trigger.options.streak_additive,int,,,"[-1, 1]",,
160,trigger.options.unlink_dual_gravity,int,,,"[-1, 1]",,
161,trigger.options.hide_ground,int,,,"[-1, 1]",,
162,trigger.options.hide_p1,int,,,"[-1, 1]",,
163,trigger.options.hide_p2,int,,,"[-1, 1]",,
164,trigger.camera_edge.direction,int,,,"[0, 4]","1: left, 2: right, 3: up, 4: down",
165,trigger.options.disable_p1_controls,int,,,"[-1, 1]",,
166,trigger.arrow.dir_y,int,,,"[1, 4]","1: up, 2: down, 3: left, 4: right",y negative
167,trigger.arrow.dir_x,int,,,"[1, 4]","1: up, 2: down, 3: left, 4: right",x positive
168,,,,,,,
169,trigger.arrow.edit_velocity,bool,,,,,
170,trigger.channel,int,trigger channel,,,,
171,trigger.arrow.change_channel,bool,,,,,
172,trigger.arrow.channel_only,bool,,,,,
173,trigger.arrow.target_channel,int,trigger channel,,,,
174,trigger.gradient.blending,int,,,"[0, 3]",,
175,trigger.shader.shockwave_speed,float,,,,,
175,trigger.shader.shockline_speed,float,,,,,
175,trigger.shader.glitch_speed,float,,,,,
175,trigger.shader.chromatic_glitch_speed,float,,,,,
175,trigger.shader.edit_color_CB,float,,,,,
176,trigger.shader.shockwave_strength,float,,,,,
176,trigger.shader.shockline_strength,float,,,,,
176,trigger.shader.glitch_strength,float,,,,,
176,trigger.shader.chromatic_glitch_strength,float,,,,,
176,trigger.shader.lens_circle_strength,float,,,,,
176,trigger.shader.radial_blur_intensity,float,,,,,
176,trigger.shader.motion_blur_intensity,float,,,,,
176,trigger.shader.bulge_bulge,float,,,,,
176,trigger.shader.gray_scale_target,float,,,,,
176,trigger.shader.sepia_target,float,,,,,
176,trigger.shader.invert_color_target,float,,,,,
176,trigger.shader.hue_degrees,float,,,,,
176,trigger.shader.edit_color_CR,float,,,,,
177,trigger.shader.shockwave_time_offset,float,,,,,
177,trigger.shader.shockline_time_offset,float,,,,,
178,,,,,,,
179,trigger.shader.shockwave_wave_width,float,,,,,
179,trigger.shader.shockline_wave_width,float,,,,,
179,trigger.shader.glitch_slice_height,float,,,,,
179,trigger.shader.chromatic_glitch_line_thickness,float,,,,,
179,trigger.shader.lens_circle_size,float,,,,,
179,trigger.shader.radial_blur_size,float,,,,,
179,trigger.shader.pinch_modifier,float,,,,,
179,trigger.shader.invert_color_R,float,,,,,
179,trigger.shader.edit_color_BR,float,,,,,
180,trigger.shader.shockwave_thickness,float,,,,,
180,trigger.shader.shockline_thickness,float,,,,,
180,trigger.shader.chromatic_target_x,float,,,,,
180,trigger.shader.chromatic_glitch_rgb_offset,float,,,,,
180,trigger.shader.pixelate_target_x,float,,,,,
180,trigger.shader.motion_blur_target_x,float,,,,,
180,trigger.shader.bulge_radius,float,,,,,
180,trigger.shader.pinch_target_x,float,,,,,
180,trigger.shader.invert_color_G,float,,,,,
180,trigger.shader.edit_color_BG,float,,,,,
180,trigger.shader.split_screen_target_x,float,,,,,
181,trigger.shader.shockwave_fade_in,float,,,,,
181,trigger.shader.shockline_fade_in,float,,,,,
181,trigger.shader.glitch_max_col_x_offset,float,,,,,
181,trigger.shader.lens_circle_fade,float,,,,,
181,trigger.shader.radial_blur_fade,float,,,,,
181,trigger.shader.motion_blur_fade,float,,,,,
182,trigger.shader.shockwave_fade_out,float,,,,,
182,trigger.shader.shockline_fade_out,float,,,,,
182,trigger.shader.glitch_max_col_y_offset,float,,,,,
183,trigger.shader.shockwave_inner,float,,,,,
184,trigger.shader.shockwave_invert,bool,,,,,
184,trigger.shader.shockline_invert,bool,,,,,
185,trigger.shader.shockline_flip,bool,,,,,
186,trigger.shader.shockline_rotate,bool,,,,,
187,trigger.shader.shockline_dual,bool,,,,,
188,trigger.shader.shader_opt_ignore_player_particles,bool,,,,,
188,trigger.shader.shockwave_target,bool,,,,,
188,trigger.shader.shockline_target,bool,,,,,
188,trigger.shader.chromatic_use_x,bool,,,,,
188,trigger.shader.pixelate_use_x,bool,,,,,
188,trigger.shader.radial_blur_target,bool,,,,,
188,trigger.shader.motion_blur_use_x,bool,,,,,
188,trigger.shader.bulge_target,bool,,,,,
188,trigger.shader.pinch_target,bool,,,,,
188,trigger.shader.gray_scale_use_tint,bool,,,,,
188,trigger.shader.invert_color_edit_rgb,bool,,,,,
188,trigger.shader.split_screen_use_x,bool,,,,,
189,trigger.shader.chromatic_target_y,float,,,,,
189,trigger.shader.chromatic_glitch_segment_h,float,,,,,
189,trigger.shader.pixelate_target_y,float,,,,,
189,trigger.shader.motion_blur_target_y,float,,,,,
189,trigger.shader.invert_color_B,float,,,,,
189,trigger.shader.edit_color_BB,float,,,,,
189,trigger.shader.split_screen_target_y,float,,,,,
190,trigger.shader.shockwave_follow,bool,,,,,
190,trigger.shader.shockline_follow,bool,,,,,
190,trigger.shader.chromatic_use_y,bool,,,,,
190,trigger.shader.pixelate_use_y,bool,,,,,
190,trigger.shader.motion_blur_use_y,bool,,,,,
190,trigger.shader.pinch_use_x,bool,,,,,
190,trigger.shader.gray_scale_use_lum,bool,,,,,
190,trigger.shader.invert_color_tween_rgb,bool,,,,,
190,trigger.shader.split_screen_use_y,bool,,,,,
191,trigger.shader.shockwave_outer,float,,,,,
191,trigger.shader.glitch_max_slice_x_offset,float,,,,,
191,trigger.shader.chromatic_glitch_line_strength,float,,,,,
191,trigger.shader.motion_blur_follow_ease,float,,,,,
191,trigger.shader.edit_color_CG,float,,,,,
192,trigger.shader.shader_opt_disable_all,bool,,,,,
192,trigger.shader.chromatic_glitch_disable,bool,,,,,
193,grip_slope,bool,,,,,
194,trigger.shader.chromatic_glitch_relative_pos,bool,,,,,
194,trigger.shader.pixelate_snap_grid,bool,,,,,
194,trigger.shader.motion_blur_dual_dir,bool,,,,,
194,trigger.shader.pinch_use_y,bool,,,,,
194,trigger.shader.invert_color_clamp_rgb,bool,,,,,
195,trigger.options.hide_mg,int,,,"[-1, 1]",,
196,trigger.shader.shader_opt_layer_min,int,,,"[1, 15]",,
197,trigger.shader.shader_opt_layer_max,int,,,"[1, 15]",,
198,trigger.touch.only_player,int,,,"[0, 2]",,
199,trigger.options.disable_controls_p1,int,,,"[-1, 1]",,
200,target_player_2,bool,,,,,
200,trigger.move.player_2,bool,,,,,
200,trigger.rotate.player_2,bool,,,,,
200,trigger.collision.player_2,bool,,,,,
200,trigger.player_control.player_2,bool,,,,,
200,trigger.song.player_2,bool,,,,,
200,trigger.gravity.player_2,bool,,,,,
200,trigger.effect._200,bool,#N/A,,,,
200,trigger.adv_follow.player_2,bool,,,,,
200,trigger.sfx.player_2,bool,,,,,
200,trigger.instant_collision.player_2,bool,,,,,
200,trigger.edit_adv_follow.player_2,bool,,,,,
200,trigger.shader.shockwave_player_2,bool,,,,,
200,trigger.shader.shockline_player_2,bool,,,,,
200,trigger.shader.lens_circle_player_2,bool,,,,,
200,trigger.shader.radial_blur_player_2,bool,,,,,
200,trigger.shader.motion_blur_player_2,bool,,,,,
200,trigger.shader.bulge_player_2,bool,,,,,
200,trigger.shader.pinch_player_2,bool,,,,,
201,trigger.collision.between_players,bool,,,,,
201,trigger.gravity.player_touch,bool,,,,,
201,trigger.effect._201,bool,#N/A,,,,
201,trigger.adv_follow.corner,bool,,,,,
201,trigger.edit_adv_follow.corner,bool,,,,,
201,trigger.instant_collision.between_players,bool,,,,,
201,trigger.shader.motion_blur_center,bool,,,,,
202,trigger.gradient.layer,int,,,"[1, 15]",,
203,trigger.gradient.u,int,group id,,,,
203,trigger.gradient.bl,int,group id,,,,
204,trigger.gradient.d,int,group id,,,,
204,trigger.gradient.br,int,group id,,,,
205,trigger.gradient.l,int,group id,,,,
205,trigger.gradient.tl,int,group id,,,,
206,trigger.gradient.r,int,group id,,,,
206,trigger.gradient.tr,int,group id,,,,
207,trigger.gradient.vertex_mode,bool,,,,,
208,trigger.gradient.disable,bool,,,,,
209,trigger.gradient.gradient_id,int,gradient id,,,,
210,trigger.color.disable_legacy_hsv,bool,,,,,
210,trigger.pulse.disable_static_hsv,bool,,,,,
211,particle.quick_start,bool,,,,,
212,trigger.static_camera.follow_group,bool,,,,,
213,trigger.static_camera.follow_easing,float,,,,,
214,animated.animate_active_only,bool,,,,,
215,,,,,,,
216,,,,,,,
217,trigger.enter_preset.enter_only,int,,,"[0, 2]","0: none, 1: enter, 2: exit",
217,trigger.effect.enter_only,int,,,"[0, 2]","0: none, 1: enter, 2: exit",
218,trigger.effect.move_dist,int,units,,,,
219,trigger.effect.move_dist_rand,int,units,,,,
220,trigger.effect.offset,int,units,,,,
221,trigger.effect.offset_rand,int,units,,,,
222,trigger.effect.length,int,units,,,,
223,trigger.effect.length_rand,int,units,,,,
224,trigger.effect._224,int,#N/A,,,,
225,trigger.effect.effect_id,int,effect id,,,,
226,,,,,,,
227,,,,,,,
228,,,,,,,
229,,,,,,,
230,,,,,,,
231,trigger.effect.move_angle,int,degrees,,,,
232,trigger.effect.move_angle_rand,int,degrees,,,,
233,trigger.effect.scale_x,float,,,,,
234,trigger.effect.scale_x_rand,float,,,,,
235,trigger.effect.scale_y,float,,,,,
236,trigger.effect.scale_y_rand,float,,,,,
237,trigger.effect.move_x,int,units,,,,value is stored in small step
238,trigger.effect.move_x_rand,int,units,,,,
239,trigger.effect.move_y,int,units,,,,value is stored in small step
240,trigger.effect.move_y_rand,int,units,,,,
241,trigger.effect.xy_mode,bool,,,,,
242,trigger.effect.easing,int,,,"[0, 18]",easing,
243,trigger.effect.easing_rate,float,,,,,
244,,,,,,,
245,,,,,,,
246,,,,,,,
247,,,,,,,
248,trigger.effect.easing_2,int,,,"[0, 18]",easing,
249,trigger.effect.easing_rate_2,float,,,,,
250,,,,,,,
251,,,,,,,
252,trigger.effect.offset_y,int,units,,,,
253,trigger.effect.offset_y_rand,int,units,,,,
254,,,,,,,
255,,,,,,,
256,,,,,,,
257,,,,,,,
258,,,,,,,
259,,,,,,,
260,trigger.effect.tint_channel,int,color id,,,,
261,trigger.effect.ease_out,bool,,,,,
262,trigger.effect.direction,int,,,,,
263,trigger.effect.mod_front,float,,,,,
264,trigger.effect.mod_back,float,,,,,
265,trigger.effect.tint,float,,,,,
266,,,,,,,
267,,,,,,,
268,,,,,,,
269,,,,,,,
270,trigger.effect.rotate,float,,,,,
271,trigger.effect.rotate_rand,float,,,,,
272,,,,,,,
273,,,,,,,
274,parent_groups,string,groups,,,,
275,trigger.effect.to_opacity,float,,,,,
276,trigger.effect.inwards,bool,,,,,
277,,,,,,,
278,trigger.effect.enable_hsv,bool,,,,,
279,area_parent,bool,,,,,
280,trigger.ignore_gparent,bool,,,,,
281,trigger.ignore_linked,bool,,,,,
282,trigger.effect.deadzone,float,,,,,
283,trigger.effect.mirrored,bool,,,,,
284,trigger.single_ptouch,bool,,,,,
285,trigger.effect._285,float,#N/A,,,,
286,trigger.effect.from_opacity,float,,,,,
287,trigger.effect.relative,bool,,,,,
288,trigger.effect.rfade,float,units,,,,
289,nonstick_y,bool,,,,,
290,trigger.shader.shockwave_screen_offset_x,float,,,,,
290,trigger.shader.shockline_screen_offset,float,,,,,
290,trigger.shader.lens_circle_screen_offset_x,float,,,,,
290,trigger.shader.radial_blur_screen_offset_x,float,,,,,
290,trigger.shader.bulge_screen_offset_x,float,,,,,
290,trigger.shader.pinch_screen_offset_x,float,,,,,
291,trigger.shader.shockwave_screen_offset_y,float,,,,,
291,trigger.shader.lens_circle_screen_offset_y,float,,,,,
291,trigger.shader.radial_blur_screen_offset_y,float,,,,,
291,trigger.shader.bulge_screen_offset_y,float,,,,,
291,trigger.shader.pinch_screen_offset_y,float,,,,,
292,trigger.adv_follow.delay,float,seconds,,,,
292,trigger.edit_adv_follow._292,float,#N/A,,,,
293,trigger.adv_follow.delay_rand,float,seconds,,,,
293,trigger.edit_adv_follow._293,float,#N/A,,,,
294,,,,,,,
295,,,,,,,
296,,,,,,,
297,,,,,,,
298,trigger.adv_follow.max_speed,float,units / tick,,,,
298,trigger.edit_adv_follow._298,float,#N/A,,,,
299,trigger.adv_follow.max_speed_rand,float,units / tick,,,,
299,trigger.edit_adv_follow._299,float,#N/A,,,,
300,trigger.adv_follow.start_speed,float,units / tick,,,,
300,trigger.edit_adv_follow.speed,float,units / tick,,,,
301,trigger.adv_follow.start_speed_rand,float,units / tick,,,,
301,trigger.edit_adv_follow.speed_rand,float,units / tick,,,,
302,,,,,,,
303,,,,,,,
304,,,,,,,
305,trigger.adv_follow.target_dir,bool,,,,,
305,trigger.edit_adv_follow._305,bool,#N/A,,,,
306,trigger.adv_follow.x_only,bool,,,,,
306,trigger.edit_adv_follow.x_only,bool,,,,,
307,trigger.adv_follow.y_only,bool,,,,,
307,trigger.edit_adv_follow.y_only,bool,,,,,
308,trigger.adv_follow.max_range,float,units,,,,
308,trigger.edit_adv_follow._308,float,#N/A,,,,
309,trigger.adv_follow.max_range_rand,float,units,,,,
309,trigger.edit_adv_follow._309,float,#N/A,,,,
310,trigger.adv_follow._310,float,#N/A,,,,
310,trigger.edit_adv_follow._310,float,#N/A,,,,
311,trigger.adv_follow._311,float,#N/A,,,,
311,trigger.edit_adv_follow._311,float,#N/A,,,,
312,trigger.adv_follow._312,float,#N/A,,,,
312,trigger.edit_adv_follow._312,float,#N/A,,,,
313,trigger.adv_follow._313,float,#N/A,,,,
313,trigger.edit_adv_follow._313,float,#N/A,,,,
314,trigger.adv_follow._314,float,#N/A,,,,
314,trigger.edit_adv_follow._314,float,#N/A,,,,
315,trigger.adv_follow._315,float,#N/A,,,,
315,trigger.edit_adv_follow._315,float,#N/A,,,,
316,trigger.adv_follow.steer,float,,,,,
316,trigger.edit_adv_follow._316,float,#N/A,,,,
317,trigger.adv_follow.steer_rand,float,,,,,
317,trigger.edit_adv_follow._317,float,#N/A,,,,
318,trigger.adv_follow.steer_low,float,,,,,
318,trigger.edit_adv_follow._318,float,#N/A,,,,
319,trigger.adv_follow.steer_low_rand,float,,,,,
319,trigger.edit_adv_follow._319,float,#N/A,,,,
320,trigger.adv_follow.steer_high,float,,,,,
320,trigger.edit_adv_follow._320,float,#N/A,,,,
321,trigger.adv_follow.steer_high_rand,float,,,,,
321,trigger.edit_adv_follow._321,float,#N/A,,,,
322,trigger.adv_follow.speed_range_low,float,,,,,
322,trigger.edit_adv_follow._322,float,#N/A,,,,
323,trigger.adv_follow.speed_range_low_rand,float,,,,,
323,trigger.edit_adv_follow._323,float,#N/A,,,,
324,trigger.adv_follow.speed_range_high,float,,,,,
324,trigger.edit_adv_follow._324,float,#N/A,,,,
325,trigger.adv_follow.speed_range_high_rand,float,,,,,
325,trigger.edit_adv_follow._325,float,#N/A,,,,
326,trigger.adv_follow.break_force,float,,,,,
326,trigger.edit_adv_follow._326,float,#N/A,,,,
327,trigger.adv_follow.break_force_rand,float,,,,,
327,trigger.edit_adv_follow._327,float,#N/A,,,,
328,trigger.adv_follow.break_angle,int,,,,,
328,trigger.edit_adv_follow._328,int,#N/A,,,,
329,trigger.adv_follow.break_angle_rand,int,,,,,
329,trigger.edit_adv_follow._329,int,#N/A,,,,
330,trigger.adv_follow.break_steer,float,,,,,
330,trigger.edit_adv_follow._330,float,#N/A,,,,
331,trigger.adv_follow.break_steer_rand,float,,,,,
331,trigger.edit_adv_follow._331,float,#N/A,,,,
332,trigger.adv_follow.break_steer_speed_limit,float,,,,,
332,trigger.edit_adv_follow._332,float,#N/A,,,,
333,trigger.adv_follow.break_steer_speed_limit_rand,float,,,,,
333,trigger.edit_adv_follow._333,float,#N/A,,,,
334,trigger.adv_follow.acceleration,float,,,,,
334,trigger.edit_adv_follow._334,float,#N/A,,,,
335,trigger.adv_follow.acceleration_rand,float,,,,,
335,trigger.edit_adv_follow._335,float,#N/A,,,,
336,trigger.adv_follow.ignore_disabled,bool,,,,,
336,trigger.edit_adv_follow._336,bool,#N/A,,,,
337,trigger.adv_follow.steer_low_check,bool,,,,,
337,trigger.edit_adv_follow._337,bool,#N/A,,,,
338,trigger.adv_follow.steer_high_check,bool,,,,,
338,trigger.edit_adv_follow._338,bool,#N/A,,,,
339,trigger.adv_follow.rotate_dir,bool,,,,,
339,trigger.edit_adv_follow._339,bool,#N/A,,,,
340,trigger.adv_follow.rot_offset,float,,,,,
340,trigger.edit_adv_follow._340,float,#N/A,,,,
341,trigger.effect.priority,int,,,,,
342,,,,,,,
343,enter_channel,int,enter id,,,,
344,trigger.effect.enter_channel,int,enter id,,,,
344,trigger.enter_preset.enter_channel,int,enter id,,,,
345,trigger.teleport.use_force,bool,,,,,
346,trigger.teleport.force,float,,,,,
347,trigger.teleport.redirect_force,bool,,,,,
348,trigger.teleport.force_min,float,,,,,
349,trigger.teleport.force_max,float,,,,,
350,trigger.teleport.force_mod,float,,,,,
350,trigger.teleport.exit_portal._350,float,#N/A,,,,set to 1 by the game
351,trigger.teleport.keep_offset,bool,,,,,
352,trigger.teleport.ignore_x,bool,,,,,
353,trigger.teleport.ignore_y,bool,,,,,
354,trigger.teleport.gravity,int,,,"[0, 3]","0: none, 1: normal, 2:flipped, 3:toggle",
355,trigger.effect.use_effect_id,bool,,,,,
356,scale_stick,bool,,,,,
357,trigger.adv_follow.near_accel,float,,,,,
357,trigger.edit_adv_follow._357,float,#N/A,,,,
358,trigger.adv_follow.near_accel_rand,float,,,,,
358,trigger.edit_adv_follow._358,float,#N/A,,,,
359,trigger.adv_follow.near_dist,float,,,,,
359,trigger.edit_adv_follow._359,float,#N/A,,,,
360,trigger.adv_follow.near_dist_rand,float,,,,,
360,trigger.edit_adv_follow._360,float,#N/A,,,,
361,trigger.adv_follow.easing,float,,,,,
361,trigger.edit_adv_follow._361,float,#N/A,,,,
362,trigger.adv_follow.easing_rand,float,,,,,
362,trigger.edit_adv_follow._362,float,#N/A,,,,
363,trigger.adv_follow.rot_easing,float,,,,,
363,trigger.edit_adv_follow._363,float,#N/A,,,,
364,trigger.adv_follow.rot_deadzone,float,,,,,
364,trigger.edit_adv_follow._364,float,#N/A,,,,
365,trigger.adv_follow.priority,int,,,,,
365,trigger.edit_adv_follow._365,int,#N/A,,,,
366,trigger.adv_follow.max_range_ref,int,group id,,,,
366,trigger.edit_adv_follow._366,int,#N/A,,,,
367,trigger.adv_follow.mode,int,,,"[0, 2]","0: 1, 2: 1, 2: 3",
367,trigger.edit_adv_follow._367,int,#N/A,,,,
368,trigger.arrow.instant_offset,bool,,,,,
369,trigger.center_effect,bool,,,,,
370,disable_grid_snap,bool,,,,,
371,trigger.zoom_camera.zoom,float,,,,,
371,trigger.camera_guide.zoom,float,,,,,
372,no_audio_scale,bool,,,,,
373,trigger.keyframe.key_id,int,keyframe id,,,,
374,trigger.keyframe.index,int,,,,,
375,trigger.keyframe.ref_only,bool,,,,,
376,trigger.keyframe.close_loop,bool,,,,,
377,trigger.keyframe.prox,bool,,,,,
378,trigger.keyframe.curve,bool,,,,,
379,trigger.keyframe.time_mode,int,,,"[0, 2]","0: time, 1: event, 2: dist",
380,trigger.keyframe.preview_art,bool,,,,,
381,trigger.collectible.pickup_item,bool,,,,,
382,trigger.collectible.toggle_trigger,bool,,,,,
383,trigger.collectible.points,int,,,,,
384,,,,,,,
385,trigger.ui.ref_x,int,,,"[1, 4]",,
386,trigger.ui.ref_y,int,,,"[1, 4]",,
387,trigger.ui.relative_x,bool,,,,,
388,trigger.ui.relative_y,bool,,,,,
389,item_label.seconds_only,bool,,,,,
390,item_label.special_id,int,,,"[-3, 0]",,
391,item_label.alignment,int,,,"[0, 2]",,
392,trigger.song.song_id,int,song id,,,,
392,trigger.sfx.sfx_id,int,sfx id,,,,
393,trigger.move.use_small_step,bool,,,,,
394,trigger.move.direction_mode,bool,,,,,duplicated on the same object by the game
394,trigger.rotate.follow_mode,bool,,,,,
394,trigger.rotate_camera.snap_360,bool,,,,,
395,trigger.move.target_center_id,int,group id,,,,
396,trigger.move.target_distance,int,units,,,,
397,trigger.move.dynamic_mode,bool,,,,,
397,trigger.rotate.dynamic_mode,bool,,,,,
398,,,,,,,
399,trigger.song.prep,bool,,,,,
400,trigger.song.load_prep,bool,,,,,
401,trigger.rotate.aim_target,int,group id,,,,
402,trigger.rotate.aim_offset,float,,,,,
403,trigger.rotate.aim_easing,int,,,,,
404,trigger.song.speed,int,seconds,,,,
404,trigger.sfx.speed,int,seconds,,,,
405,trigger.song._405,int,#N/A,,,,
405,trigger.sfx.pitch,int,octaves,,,,
406,trigger.song.volume,float,,,,,
406,trigger.sfx.volume,float,,,,,
407,trigger.sfx.use_reverb,bool,,,,,
407,trigger.song._407,bool,#N/A,,,,
408,trigger.song.start,int,miliseconds,,,,
408,trigger.sfx.start,int,miliseconds,,,,
409,trigger.song.fade_in,int,miliseconds,,,,
409,trigger.sfx.fade_in,int,miliseconds,,,,
410,trigger.song.end,int,miliseconds,,,,
410,trigger.sfx.end,int,miliseconds,,,,
411,trigger.song.fade_out,int,miliseconds,,,,
411,trigger.sfx.fade_out,int,miliseconds,,,,
412,trigger.sfx.fft,bool,,,,,
412,trigger.song._412,bool,#N/A,,,,
413,trigger.song.loop,bool,,,,,
413,trigger.sfx.loop,bool,,,,,
414,trigger.song.stop_loop,bool,,,,,
414,trigger.sfx.stop_loop,bool,,,,,
415,trigger.sfx.unique,bool,,,,,
415,trigger.song._415,bool,#N/A,,,,
416,trigger.sfx.unique_id,int,unique sfx id,,,,
416,trigger.song._416,int,#N/A,,,,
417,trigger.song.stop_loop,bool,,,,,
417,trigger.sfx.stop_loop,bool,,,,,
418,trigger.song.change_volume,bool,,,,,
418,trigger.sfx.change_volume,bool,,,,,
419,trigger.song.change_speed,bool,,,,,
419,trigger.sfx.change_speed,bool,,,,,
420,trigger.sfx.override,bool,,,,,
420,trigger.song._420,bool,#N/A,,,,
421,trigger.sfx.vol_near,float,,,,,
421,trigger.song.vol_near,float,,,,,
422,trigger.sfx.vol_med,float,,,,,
422,trigger.song.vol_med,float,,,,,
423,trigger.sfx.vol_far,float,,,,,
423,trigger.song.fol_var,float,,,,,
424,trigger.sfx.dist_1,int,units,,,,
424,trigger.song.dist_1,int,units,,,,
425,trigger.sfx.dist_2,int,units,,,,
425,trigger.song.dist_2,int,units,,,,
426,trigger.sfx.dist_3,int,units,,,,
426,trigger.song.dist_3,int,units,,,,
427,,,,,,,
428,trigger.sfx.camera,bool,,,,,
428,trigger.song.camera,bool,,,,,
429,,,,,,,
430,trigger.event.events,string,events,,,,
431,trigger.event._431,bool,#N/A,,,,
432,trigger.song.channel,int,song channel,,,,
433,trigger.sfx.pre_load,bool,,,,,
433,trigger.song._433,bool,#N/A,,,,
434,trigger.sfx.min_int,float,,,,,
434,trigger.song._434,float,#N/A,,,,
435,trigger.sequence.sequence,string,group counts,,,,
436,trigger.sequence.mode,int,,,"[0, 2]",,
437,trigger.sequence.min_interval,float,seconds,,,,
438,trigger.sequence.reset_time,float,seconds,,,,
439,trigger.sequence.reset_type,bool,,,,,
440,trigger.collectible.particle,int,group id,,,,
441,trigger.spawn.ordered,bool,,,,,
442,trigger.spawn.remaps,string,group remaps,,,,
443,trigger.teleport.additive_force,bool,,,,,
444,trigger.disable_multi_activate,bool,,,,,
445,trigger.toggle_block.claim_touch,bool,,,,,
446,material,int,material id,int16,,,
447,trigger.event.extra_id_1,int,material id,,,,
448,trigger.checkpoint.respawn_id,int,group id,,,,
449,trigger.pickup.mod,float,,,,,
450,,,,,,,
451,,,,,,,
452,trigger.scale.relative_rotation,bool,,,,,
453,trigger.static_camera.smooth_velocity,bool,,,,,
454,trigger.static_camera.velocity_mod,float,,,,,
455,trigger.sfx.group,int,group id,,,,
455,trigger.song._455,int,#N/A,,,,
456,trigger.gradient.preview_opacity,float,,,,,
457,trigger.sfx.group_id,int,sfx group,,,,
457,trigger.song._457,int,#N/A,,,,
458,trigger.sfx.direction,int,,,"[0,6]",,
458,trigger.song.direction,int,,,"[0,6]",,
459,trigger.keyframe.auto_layer,bool,,,"[0, 6]",,
460,trigger.end.no_effects,bool,,,,,
461,trigger.end.no_sfx,bool,,,,,
462,animated.single_frame,int,,,,,
463,trigger.collectible.no_anim,bool,,,,,
464,trigger.teleport.instant_camera,bool,,,,,
465,trigger.static_camera.exit_instant,bool,,,,,
466,item_label.time_counter,bool,,,,,
467,trigger.time.start_time,float,,,,,
468,trigger.time.dont_override,bool,,,,,
469,trigger.time.ignore_timewarp,bool,,,,,
470,trigger.time.mod,float,,,,,
471,trigger.time.start_paused,bool,,,,,
472,trigger.time_control.stop,bool,,,,,
473,trigger.time.target_id,float,,,,,
473,trigger.time_event.target_id,float,,,,,
474,trigger.time.stop,bool,,,,,
475,trigger.time_event.multi_activate,bool,,,,,
476,trigger.item_edit.item_type_1,int,,,"[0, 5]",,
476,trigger.item_compare.item_type_1,int,,,"[0, 5]",,
477,trigger.item_edit.item_type_2,int,,,"[0, 5]",,
477,trigger.item_compare.item_type_2,int,,,"[0, 5]",,
478,trigger.item_edit.item_type_3,int,,,"[1, 3]",,
479,trigger.item_edit.mod,float,,,,,
479,trigger.item_compare.mod_1,float,,,,,
480,trigger.item_edit.item_op_1,int,,,"[0, 4]",,
480,trigger.item_compare.item_op_1,int,,,"[0, 4]",,
481,trigger.item_edit.item_op_2,int,,,"[1, 4]",,
481,trigger.item_compare.item_op_2,int,,,"[1, 4]",,
482,trigger.item_edit.item_op_3,int,,,"[3, 4]",,
482,trigger.item_compare.item_op_3,int,,,"[3, 4]",,
483,trigger.item_compare.mod_2,float,,,,,
484,trigger.item_compare.tolerance,float,,,,,
485,trigger.item_edit.round_op_1,int,,,"[0, 3]",,
485,trigger.item_compare.round_op_1,int,,,"[0, 3]",,
486,trigger.item_edit.round_op_2,int,,,"[0, 3]",,
486,trigger.item_compare.round_op_2,int,,,"[0, 3]",,
487,trigger.end.instant,bool,,,,,
488,text.kerning,int,pixels,,,,
488,item_label.kerning,int,pixels,,,,
489,trigger.sfx.ignore_volume,bool,,,,,
489,trigger.song._489,bool,#N/A,,,,
490,trigger.sfx.sfx_duration,float,,,,,
490,trigger.song._490,float,#N/A,,,,
491,trigger.item_persist.set_persistent,bool,,,,,
492,trigger.item_persist.target_all,bool,,,,,
493,trigger.item_persist.reset,bool,,,,,
494,trigger.item_persist.timer,bool,,,,,
495,extra_sticky,bool,,,,,
496,dont_boost_y,bool,,,,,
497,single_color_type,int,,,"[0, 2]",,
498,trigger.bpm.bpm,int,bpm,,,,
499,trigger.bpm.speed,int,speed,,"[0,4]","0:1x, 1: 0.5x, 2:2x, 3:3x, 4:4x",
500,trigger.bpm.disable,bool,,,,,
501,trigger.bpm.bpb,int,bpb,,,,
502,trigger.sfx.reverb,int,,,"[0, 22]",,
502,trigger.song._502,int,#N/A,,,,
503,trigger.sfx.override_reverb,bool,,,,,
503,trigger.song._503,bool,#N/A,,,,
504,trigger.toggle_block.spawn_only,bool,,,,,
505,trigger.sequence.unique_remap,bool,,,,,
506,trigger.camera_guide.preview_opacity,float,,,,,
507,no_particle,bool,,,,,
508,trigger.gradient.disable_all,bool,,,,,
509,dont_boost_x,bool,,,,,
510,trigger.teleport.snap_ground,bool,,,,,
511,extended_collision,bool,,,,,
512,trigger.shader.shockwave_max_size,float,,,,,
512,trigger.shader.shockline_max_size,float,,,,,
512,trigger.shader.pinch_radius,float,,,,,
513,trigger.shader.shockwave_animate,bool,,,,,
513,trigger.shader.shockline_animate,bool,,,,,
514,trigger.shader.shockwave_relative,bool,,,,,
514,trigger.shader.shockline_relative,bool,,,,,
514,trigger.shader.glitch_relative,bool,,,,,
514,trigger.shader.chromatic_relative,bool,,,,,
514,trigger.shader.chromatic_glitch_relative,bool,,,,,
514,trigger.shader.pixelate_relative,bool,,,,,
514,trigger.shader.lens_circle_relative,bool,,,,,
514,trigger.shader.motion_blur_relative,bool,,,,,
514,trigger.shader.bulge_relative,bool,,,,,
514,trigger.shader.relative,bool,,,,,
515,trigger.shader.pixelate_hard_edges,bool,,,,,
515,trigger.shader.radial_blur_empty_only,bool,,,,,
515,trigger.shader.motion_blur_empty_only,bool,,,,,
516,trigger.rotate.min_x_id,int,group id,,,,
516,trigger.move._516,int,#N/A,,,,
517,trigger.rotate.min_y_id,int,group id,,,,
517,trigger.move._517,int,#N/A,,,,
518,trigger.rotate.max_x_id,int,group id,,,,
518,trigger.move._518,int,#N/A,,,,
519,trigger.rotate.max_y_id,int,group id,,,,
519,trigger.move._519,int,#N/A,,,,
520,trigger.animate_keyframe.time_mod,float,,,,,
521,trigger.animate_keyframe.pos_x_mod,float,,,,,
522,trigger.animate_keyframe.rotation_mod,float,,,,,
523,trigger.animate_keyframe.scale_x_mod,float,,,,,
524,trigger.keyframe.line_opacity,float,,,,,
525,trigger.event.extra_id_2,int,player id,,,,
526,trigger.force_block.value_min,float,,,,,
527,trigger.force_block.value_max,float,,,,,
528,trigger.force_block.relative,bool,,,,,
529,trigger.force_block.range,bool,,,,,
530,trigger.force_block.force_id,int,force id,,,,
531,trigger.shader.disable_preview,bool,,,,,
532,trigger.options.hide_attempts,int,,,"[-1, 1]",,
533,trigger.change_bg.id,int,,,"[1, 59]",,
533,trigger.change_g.id,int,,,,,
533,trigger.change_mg.id,int,,,,,
534,trigger.control_id,int,control id,,,,
535,trigger.stop.use_control_id,bool,,,,,
535,trigger.edit_adv_follow.use_control_id,bool,,,,,
536,trigger.keyframe.spin_direction,int,,,"[0, 2]",,
537,trigger.keyframe.full_rotations,int,,,,,
538,trigger.effect.special_center,int,,,"[-11, 0]",,
539,trigger.effect.deap,bool,,,,,
540,trigger.player_control.stop_jump,bool,,,,,
541,trigger.player_control.stop_move,bool,,,,,
542,trigger.player_control.stop_rotation,bool,,,,,
543,trigger.player_control.stop_slide,bool,,,,,
544,trigger.move.silent,bool,,,,,
545,trigger.animate_keyframe.pos_y_mod,float,,,,,
546,trigger.animate_keyframe.scale_y_mod,float,,,,,
547,trigger.spawn_particle.offset_x,float,,,,,
548,trigger.spawn_particle.offset_y,float,,,,,
549,trigger.spawn_particle.offvar_x,float,,,,,
550,trigger.spawn_particle.offvar_y,float,,,,,
551,trigger.spawn_particle.match_rot,bool,,,,,
552,trigger.spawn_particle.rotation,float,,,,,
553,trigger.spawn_particle.rotation_rand,float,,,,,
554,trigger.spawn_particle.scale,float,,,,,
555,trigger.spawn_particle.scale_rand,float,,,,,
556,trigger.spawn.delay_rand,float,,,,,
557,trigger.keyframe.spawn_delay,float,,,,,
558,trigger.adv_follow.friction,float,,,,,
558,trigger.edit_adv_follow._558,float,#N/A,,,,
559,trigger.adv_follow.friction_rand,float,,,,,
559,trigger.edit_adv_follow._559,float,#N/A,,,,
560,trigger.adv_follow.start_speed_ref,int,group id,,,,
560,trigger.edit_adv_follow.speed_ref,int,group id,,,,
561,trigger.adv_follow.near_friction,float,,,,,
561,trigger.edit_adv_follow._561,float,#N/A,,,,
562,trigger.adv_follow.near_friction_rand,float,,,,,
562,trigger.edit_adv_follow._562,float,#N/A,,,,
563,trigger.adv_follow.start_dir,float,,,,,
563,trigger.edit_adv_follow.dir,float,,,,,
564,trigger.adv_follow.start_dir_rand,float,,,,,
564,trigger.edit_adv_follow.dir_rand,float,,,,,
565,trigger.adv_follow.start_dir_ref,int,group id,,,,
565,trigger.edit_adv_follow.dir_ref,int,group id,,,,
566,trigger.edit_adv_follow.mod_x,float,,,,,
567,trigger.edit_adv_follow.mod_x_rand,float,,,,,
568,trigger.edit_adv_follow.mod_y,float,,,,,
569,trigger.edit_adv_follow.mod_y_rand,float,,,,,
570,trigger.edit_adv_follow.redirect_dir,bool,,,,,
571,trigger.adv_follow.exclusive,bool,,,,,
571,trigger.edit_adv_follow._571,bool,#N/A,,,,
572,trigger.adv_follow.init,int,,,"[0, 2]","0: init, 1: set, 2: add",
572,trigger.edit_adv_follow._572,int,#N/A,,,,
573,trigger.options.edit_respawn_time,int,,,"[-1, 1]",,
574,trigger.options.respawn_time,float,,,,,
575,trigger.options.audio_on_death,int,,,"[-1, 1]",,
576,trigger.options.disable_death_sfx,int,,,"[-1, 1]",,
577,trigger.scale.relative_scale,bool,,,,,
578,trigger.item_edit.sign_op_1,int,,," [0, 2]","0: none, 1: abs, 2: neg",
578,trigger.item_compare.sign_op_1,int,,," [0, 2]","0: none, 1: abs, 2: neg",
579,trigger.item_edit.sign_op_2,int,,," [0, 2]","0: none, 1: abs, 2: neg",
579,trigger.item_compare.sign_op_2,int,,," [0, 2]","0: none, 1: abs, 2: neg",
580,trigger.stop.mode,int,,," [0, 2]","0: stop, 1: pause, 2: resume",
581,trigger.spawn.reset_remap,bool,,,,,
582,trigger.arrow.velocity_mod_x,float,,,,,
583,trigger.arrow.velocity_mod_y,float,,,,,
584,trigger.arrow.override_velocity,bool,,,,,
585,trigger.arrow.dont_slide,bool,,,,,
586,trigger.dash.speed,float,,,,,
587,trigger.dash.collide,bool,,,,,
588,trigger.dash.end_boost,float,,,,,
589,trigger.dash.stop_slide,bool,,,,,
590,trigger.dash.max_duration,float,,,,,
591,trigger.teleport.redirect_dash,bool,,,,,
592,animated.offset_anim,bool,,,,,
593,trigger.options.boost_slide,int,,,"[-1,1]",,
594,,,,,,,
595,trigger.song.dont_reset,bool,,,,,
595,trigger.sfx._595,bool,#N/A,,,,
596,trigger.song._596,int,#N/A,,,,
596,trigger.sfx.speed_rand,int,,,,,
597,trigger.song._597,int,#N/A,,,,
597,trigger.sfx.pitch_rand,int,octaves,,,,
598,trigger.song._598,float,#N/A,,,,
598,trigger.sfx.volume_rand,float,,,,,
599,trigger.song._599,bool,#N/A,,,,
599,trigger.sfx.pitch_steps,bool,,,,,
kA1,level.audio_track,int,,,,,
kA2,level.gamemode,int,,,,gamemode,
kA3,level.mini_mode,bool,,,,,
kA4,level.speed,int,,,,,
kA6,level.background,int,,,,,
kA5,level.object_2_blending,bool,,,,,
kA7,level.ground,int,,,,,
kA8,level.dual_mode,bool,,,,,
kA9,level.is_start_pos,bool,,,,,
kA10,level.input_2p,bool,,,,,
kA11,level.flip_gravity,bool,,,,,
kA12,level.color_3_blending,bool,,,,,
kA13,level.song_offset,float,seconds,,,,
kA14,level.song_guidelines,string,guidelines,,,,
kA15,level.song_fade_in,bool,,,,,
kA16,level.song_fade_out,bool,,,,,
kA17,level.ground_line,int,,,,,
kA18,level.font,int,font id,,,,
kA19,start_pos.target_order,bool,,,,,
kA20,level.reverse_mode,bool,,,,,
kA20,start_pos.reverse_mode,bool,,,,,
kA21,start_pos.disable,bool,,,,,
kA22,level.platformer_mode,bool,,,,,
kA22,start_pos.platformer_mode,bool,,,,,
kA23,level._kA23,bool,,,,,
kA23,start_pos._kA23,bool,,,,,
kA24,level._kA24,bool,,,,,
kA24,start_pos._kA24,bool,,,,,
kA25,level.middleground,int,,,,,
kA25,start_pos._kA25,int,,,,,
kA26,start_pos.target_channel,int,trigger channel,,,,
kA27,level.allow_multi_rotate,bool,,,,,
kA27,start_pos.allow_multi_rotate,bool,,,,,
kA28,level.mirror_mode,bool,,,,,
kA28,start_pos.mirror_mode,bool,,,,,
kA29,level.rotate_mode,bool,,,,,
kA29,start_pos.rotate_mode,bool,,,,,
kA31,level.enable_player_squeeze,bool,,,,,
kA31,start_pos.enable_player_squeeze,bool,,,,,
kA32,level.fix_gravity_bug,bool,,,,,
kA32,start_pos.fix_gravity_bug,bool,,,,,
kA33,level.fix_negative_scale,bool,,,,,
kA33,start_pos.fix_negative_scale,bool,,,,,
kA34,level.fix_robot_jump,bool,,,,,
kA34,start_pos.fix_robot_jump,bool,,,,,
kA35,start_pos.reset_camera,bool,,,,,
kA36,level.player_spawn,int,group id,,,,
kA36,start_pos._kA36,int,,,,,
kA37,level.dynamic_height,bool,,,,,
kA37,start_pos.dynamic_height,bool,,,,,
kA38,level.sort_groups,bool,,,,,
kA38,start_pos.sort_groups,bool,,,,,
kA39,level.fix_radius_collision,bool,,,,,
kA39,start_pos.fix_radius_collision,bool,,,,,
kA40,level.enable_2_2_changes,bool,,,,,
kA40,start_pos.enable_2_2_changes,bool,,,,,
kA41,level.allow_static_object_rotate,bool,,,,,
kA41,start_pos.allow_static_object_rotate,bool,,,,,
kA42,level.reverse_sync,bool,,,,,
kA42,start_pos.reverse_sync,bool,,,,,
kA43,level.disable_time_point_penalty,bool,,,,,
kA43,start_pos.disable_time_point_penalty,bool,,,,,
kA44,start_pos._kA44,int,,,,,
kA45,level.decrease_boost_slide,bool,,,,,
kA45,start_pos.decrease_boost_slide,bool,,,,,
kA46,level.song_dont_reset,bool,,,,,
kA46,start_pos.song_dont_reset,bool,,,,,
kA47,,,,,,,
kA48,,,,,,,
kA49,,,,,,,
kA50,,,,,,,
kS1,level.color_1_7.background.red,int,,,,,
kS2,level.color_1_7.background.green,int,,,,,
kS3,level.color_1_7.background.blue,int,,,,,
kS4,level.color_1_7.ground.red,int,,,,,
kS5,level.color_1_7.ground.green,int,,,,,
kS6,level.color_1_7.ground.blue,int,,,,,
kS7,level.color_1_7.line.red,int,,,,,
kS8,level.color_1_7.line.green,int,,,,,
kS9,level.color_1_7.line.blue,int,,,,,
kS10,level.color_1_7.object.red,int,,,,,
kS11,level.color_1_7.object.green,int,,,,,
kS12,level.color_1_7.object.blue,int,,,,,
kS13,level.color_1_7.object_2.red,int,,,,,
kS14,level.color_1_7.object_2.green,int,,,,,
kS15,level.color_1_7.object_2.blue,int,,,,,
kS16,level.color_1_7.background.player_color,int,,,,,
kS17,level.color_1_7.ground.player_color,int,,,,,
kS18,level.color_1_7.line.player_color,int,,,,,
kS19,level.color_1_7.object.player_color,int,,,,,
kS20,level.color_1_7.object_2.player_color,int,,,,,
kS21,,,,,,,
kS22,,,,,,,
kS23,,,,,,,
kS24,,,,,,,
kS25,,,,,,,
kS26,,,,,,,
kS27,,,,,,,
kS28,,,,,,,
kS29,level.color_1_9.background,string,color,,,,
kS30,level.color_1_9.ground,string,color,,,,
kS31,level.color_1_9.line,string,color,,,,
kS32,level.color_1_9.object,string,color,,,,
kS33,level.color_1_9.color_1,string,color,,,,
kS34,level.color_1_9.color_2,string,color,,,,
kS35,level.color_1_9.color_3,string,color,,,,
kS36,level.color_1_9.color_4,string,color,,,,
kS37,level.color_1_9.line_3d,string,color,,,,
kS38,level.colors,string,colors,,,,
kS39,level.color_page,int,,,,,
kS40,,,,,,,